-- phpMyAdmin SQL Dump
-- version 5.2.3
-- https://www.phpmyadmin.net/
--
-- Host: 127.0.0.1:3306
-- Tempo de geração: 17/01/2026 às 13:14
-- Versão do servidor: 8.4.7
-- Versão do PHP: 8.3.28

SET SQL_MODE = "NO_AUTO_VALUE_ON_ZERO";
START TRANSACTION;
SET time_zone = "+00:00";


/*!40101 SET @OLD_CHARACTER_SET_CLIENT=@@CHARACTER_SET_CLIENT */;
/*!40101 SET @OLD_CHARACTER_SET_RESULTS=@@CHARACTER_SET_RESULTS */;
/*!40101 SET @OLD_COLLATION_CONNECTION=@@COLLATION_CONNECTION */;
/*!40101 SET NAMES utf8mb4 */;

--
-- Banco de dados: `projeto-1`
--

-- --------------------------------------------------------

--
-- Estrutura para tabela `academia`
--

DROP TABLE IF EXISTS `academia`;
CREATE TABLE IF NOT EXISTS `academia` (
  `id` int NOT NULL AUTO_INCREMENT,
  `nome` varchar(255) NOT NULL,
  `endereco` varchar(255) NOT NULL,
  `telefone` varchar(20) DEFAULT NULL,
  `cnpj` varchar(22) NOT NULL,
  `logo` varchar(255) NOT NULL,
  `email` varchar(255) DEFAULT NULL,
  `horario_funcionamento` varchar(100) CHARACTER SET utf8mb4 COLLATE utf8mb4_0900_ai_ci DEFAULT NULL,
  `nome_dono` varchar(150) DEFAULT NULL,
  `cpf_dono` varchar(15) NOT NULL,
  `descricao` varchar(150) NOT NULL,
  `data_criacao` datetime NOT NULL DEFAULT CURRENT_TIMESTAMP,
  `data_modificacao` date DEFAULT NULL,
  PRIMARY KEY (`id`)
) ENGINE=MyISAM AUTO_INCREMENT=4 DEFAULT CHARSET=utf8mb4 COLLATE=utf8mb4_0900_ai_ci;

--
-- Despejando dados para a tabela `academia`
--

INSERT INTO `academia` (`id`, `nome`, `endereco`, `telefone`, `cnpj`, `logo`, `email`, `horario_funcionamento`, `nome_dono`, `cpf_dono`, `descricao`, `data_criacao`, `data_modificacao`) VALUES
(1, 'Fitness Prime', 'rua granizo Campos do Jordão Sp', '12996569274', '15111151445155', 'assets/Logo-academia/1723160202_8874e296a33fd00d2628.jpg', 'breno.reis@aluno.ifsp.edu.br', NULL, 'Breno', '111.222.333-44', 'A Fitness Prime é mais do que uma academia; é um santuário de saúde e bem-estar onde cada membro é tratado como parte da família. Com uma abordagem ho', '2024-08-08 20:36:42', '2024-08-08');

-- --------------------------------------------------------

--
-- Estrutura para tabela `anamnese`
--

DROP TABLE IF EXISTS `anamnese`;
CREATE TABLE IF NOT EXISTS `anamnese` (
  `id` int NOT NULL AUTO_INCREMENT,
  `cliente_id` int NOT NULL,
  `perg_problemas_saude` text CHARACTER SET utf8mb4 COLLATE utf8mb4_0900_ai_ci,
  `perg_sintomas` text CHARACTER SET utf8mb4 COLLATE utf8mb4_0900_ai_ci,
  `perg_medicamentos` text CHARACTER SET utf8mb4 COLLATE utf8mb4_0900_ai_ci,
  `perg_historico_familiar_cardiaco` tinyint(1) DEFAULT NULL,
  `perg_restricao_medica` text CHARACTER SET utf8mb4 COLLATE utf8mb4_0900_ai_ci,
  `perg_gravida` tinyint(1) DEFAULT NULL,
  `perg_fuma` varchar(250) CHARACTER SET utf8mb4 COLLATE utf8mb4_0900_ai_ci DEFAULT NULL,
  `perg_bebe_alcool` varchar(250) CHARACTER SET utf8mb4 COLLATE utf8mb4_0900_ai_ci DEFAULT NULL,
  `perg_exercicio_frequente` varchar(250) CHARACTER SET utf8mb4 COLLATE utf8mb4_0900_ai_ci DEFAULT NULL,
  `perg_qtde_aerobico` int DEFAULT NULL,
  `perg_colesterol_medido` tinyint(1) DEFAULT NULL,
  `perg_alimentacao_balanceada` tinyint(1) DEFAULT NULL,
  `perg_gordura_alta` tinyint(1) DEFAULT NULL,
  `perg_nivel_estresse` enum('leve','moderado','elevado','constante') CHARACTER SET utf8mb4 COLLATE utf8mb4_0900_ai_ci DEFAULT NULL,
  `perg_objetivos_saude` varchar(250) CHARACTER SET utf8mb4 COLLATE utf8mb4_0900_ai_ci DEFAULT NULL,
  `anotacoes` text CHARACTER SET utf8mb4 COLLATE utf8mb4_0900_ai_ci,
  PRIMARY KEY (`id`),
  KEY `fk_cliente_id` (`cliente_id`)
) ENGINE=MyISAM AUTO_INCREMENT=31 DEFAULT CHARSET=utf8mb4 COLLATE=utf8mb4_0900_ai_ci;

--
-- Despejando dados para a tabela `anamnese`
--

INSERT INTO `anamnese` (`id`, `cliente_id`, `perg_problemas_saude`, `perg_sintomas`, `perg_medicamentos`, `perg_historico_familiar_cardiaco`, `perg_restricao_medica`, `perg_gravida`, `perg_fuma`, `perg_bebe_alcool`, `perg_exercicio_frequente`, `perg_qtde_aerobico`, `perg_colesterol_medido`, `perg_alimentacao_balanceada`, `perg_gordura_alta`, `perg_nivel_estresse`, `perg_objetivos_saude`, `anotacoes`) VALUES
(4, 1, 'Doença cardiaca coronariana,Batimentos cardíacos irregulares,Hipertensão,descricao:', 'Dor nas costas,descricao:dorzinha atras no ossin', 'sss', 1, 'ssss', 1, 'n', 'n', '1', 20, 1, 0, 1, 'elevado', 'Melhorar a condição muscular,Perder peso,descricao:', 'Cliente pretende melhorar a sua escoliosesssss'),
(22, 118, 'Doença cardiaca coronariana', '', '', 0, NULL, NULL, NULL, NULL, NULL, NULL, NULL, NULL, NULL, 'leve', '', NULL),
(27, 124, 'Doença cardiaca coronariana', 'descricao:ss', '', 0, NULL, NULL, NULL, NULL, NULL, NULL, NULL, NULL, NULL, 'leve', 'Perder peso, Melhorar a condição muscular', NULL),
(28, 125, 'Doença cardiaca coronariana', 'Dor nas costas', 'ssdasdD', 1, 'ADAD', 1, 'dsdsdd', 'sddsdsd', '1', 40, 0, 1, 0, 'elevado', '', NULL),
(29, 126, 'Doença cardiaca coronariana', '', '', 0, NULL, 0, NULL, NULL, NULL, NULL, NULL, NULL, NULL, 'leve', '', NULL),
(30, 142, 'Doença cardiaca coronariana', 'Dor nas costas', '', 0, NULL, NULL, NULL, NULL, NULL, NULL, NULL, NULL, NULL, 'leve', '', NULL);

-- --------------------------------------------------------

--
-- Estrutura para tabela `biblioteca_exercicios`
--

DROP TABLE IF EXISTS `biblioteca_exercicios`;
CREATE TABLE IF NOT EXISTS `biblioteca_exercicios` (
  `id` int NOT NULL AUTO_INCREMENT,
  `nome_pt` varchar(255) CHARACTER SET utf8mb4 COLLATE utf8mb4_0900_ai_ci DEFAULT NULL,
  `imagem_url` varchar(500) CHARACTER SET utf8mb4 COLLATE utf8mb4_0900_ai_ci DEFAULT NULL,
  `musculo` varchar(100) CHARACTER SET utf8mb4 COLLATE utf8mb4_0900_ai_ci DEFAULT NULL,
  `equipamento` varchar(100) CHARACTER SET utf8mb4 COLLATE utf8mb4_0900_ai_ci DEFAULT NULL,
  PRIMARY KEY (`id`)
) ENGINE=MyISAM AUTO_INCREMENT=874 DEFAULT CHARSET=utf8mb4 COLLATE=utf8mb4_unicode_ci;

--
-- Despejando dados para a tabela `biblioteca_exercicios`
--

INSERT INTO `biblioteca_exercicios` (`id`, `nome_pt`, `imagem_url`, `musculo`, `equipamento`) VALUES
(1, 'Abdominal 3/4', 'https://raw.githubusercontent.com/yuhonas/free-exercise-db/main/exercises/3_4_Sit-Up/0.jpg', 'abdominais', 'peso-do-corpo'),
(2, 'Isquiotibiais 90/90', 'https://raw.githubusercontent.com/yuhonas/free-exercise-db/main/exercises/90_90_Hamstring/0.jpg', 'isquiotibiais', 'peso-do-corpo'),
(3, 'Máquina de Abdominal', 'https://raw.githubusercontent.com/yuhonas/free-exercise-db/main/exercises/Ab_Crunch_Machine/0.jpg', 'abdominais', 'maquina'),
(4, 'Roda Abdominal', 'https://raw.githubusercontent.com/yuhonas/free-exercise-db/main/exercises/Ab_Roller/0.jpg', 'abdominais', 'outros'),
(5, 'Adutor com Rolo de Espuma', 'https://raw.githubusercontent.com/yuhonas/free-exercise-db/main/exercises/Adductor/0.jpg', 'adutores', 'rolo-de-espuma'),
(6, 'Adutor/Virilha com Parceiro', 'https://raw.githubusercontent.com/yuhonas/free-exercise-db/main/exercises/Adductor_Groin/0.jpg', 'adutores', NULL),
(7, 'Windmill Avançado com Kettlebell', 'https://raw.githubusercontent.com/yuhonas/free-exercise-db/main/exercises/Advanced_Kettlebell_Windmill/0.jpg', 'abdominais', 'kettlebell'),
(8, 'Bicicleta no Ar', 'https://raw.githubusercontent.com/yuhonas/free-exercise-db/main/exercises/Air_Bike/0.jpg', 'abdominais', 'peso-do-corpo'),
(9, 'Alongamento de Quadríceps em Quatro Apoios', 'https://raw.githubusercontent.com/yuhonas/free-exercise-db/main/exercises/All_Fours_Quad_Stretch/0.jpg', 'quadriceps', 'peso-do-corpo'),
(10, 'Rosca Martelo Alternada', 'https://raw.githubusercontent.com/yuhonas/free-exercise-db/main/exercises/Alternate_Hammer_Curl/0.jpg', 'biceps', 'halteres'),
(11, 'Toque Alternado nos Calcanhares', 'https://raw.githubusercontent.com/yuhonas/free-exercise-db/main/exercises/Alternate_Heel_Touchers/0.jpg', 'abdominais', 'peso-do-corpo'),
(12, 'Rosca Alternada com Halteres no Banco Inclinado', 'https://raw.githubusercontent.com/yuhonas/free-exercise-db/main/exercises/Alternate_Incline_Dumbbell_Curl/0.jpg', 'biceps', 'halteres'),
(13, 'Salto Diagonal Alternado com as Pernas', 'https://raw.githubusercontent.com/yuhonas/free-exercise-db/main/exercises/Alternate_Leg_Diagonal_Bound/0.jpg', 'quadriceps', NULL),
(14, 'Desenvolvimento Alternado com Cabos', 'https://raw.githubusercontent.com/yuhonas/free-exercise-db/main/exercises/Alternating_Cable_Shoulder_Press/0.jpg', 'ombros', 'cabo'),
(15, 'Elevação Alternada do Deltóide', 'https://raw.githubusercontent.com/yuhonas/free-exercise-db/main/exercises/Alternating_Deltoid_Raise/0.jpg', 'ombros', 'halteres'),
(16, 'Supino Alternado no Chão', 'https://raw.githubusercontent.com/yuhonas/free-exercise-db/main/exercises/Alternating_Floor_Press/0.jpg', 'peito', 'kettlebell'),
(17, 'Arranco Alternado a Partir da Suspensão', 'https://raw.githubusercontent.com/yuhonas/free-exercise-db/main/exercises/Alternating_Hang_Clean/0.jpg', 'isquiotibiais', 'kettlebell'),
(18, 'Desenvolvimento Alternado com Kettlebell', 'https://raw.githubusercontent.com/yuhonas/free-exercise-db/main/exercises/Alternating_Kettlebell_Press/0.jpg', 'ombros', 'kettlebell'),
(19, 'Remada Alternada com Kettlebell', 'https://raw.githubusercontent.com/yuhonas/free-exercise-db/main/exercises/Alternating_Kettlebell_Row/0.jpg', 'meio-das-costas', 'kettlebell'),
(20, 'Remada Renegada Alternada', 'https://raw.githubusercontent.com/yuhonas/free-exercise-db/main/exercises/Alternating_Renegade_Row/0.jpg', 'meio-das-costas', 'kettlebell'),
(21, 'Círculos de Tornozelo', 'https://raw.githubusercontent.com/yuhonas/free-exercise-db/main/exercises/Ankle_Circles/0.jpg', 'panturrilhas', NULL),
(22, 'Tornozelo no Joelho', 'https://raw.githubusercontent.com/yuhonas/free-exercise-db/main/exercises/Ankle_On_The_Knee/0.jpg', 'gluteos', NULL),
(23, 'Liberação Miofascial do Tibial Anterior', 'https://raw.githubusercontent.com/yuhonas/free-exercise-db/main/exercises/Anterior_Tibialis-SMR/0.jpg', 'panturrilhas', 'outros'),
(24, 'Press Anti-Gravidade', 'https://raw.githubusercontent.com/yuhonas/free-exercise-db/main/exercises/Anti-Gravity_Press/0.jpg', 'ombros', 'barra'),
(25, 'Círculos com os Braços', 'https://raw.githubusercontent.com/yuhonas/free-exercise-db/main/exercises/Arm_Circles/0.jpg', 'ombros', NULL),
(26, 'Press Arnold com Halteres', 'https://raw.githubusercontent.com/yuhonas/free-exercise-db/main/exercises/Arnold_Dumbbell_Press/0.jpg', 'ombros', 'halteres'),
(27, 'Around The Worlds', 'https://raw.githubusercontent.com/yuhonas/free-exercise-db/main/exercises/Around_The_Worlds/0.jpg', 'peito', 'halteres'),
(28, 'Treinador para Pedras Atlas', 'https://raw.githubusercontent.com/yuhonas/free-exercise-db/main/exercises/Atlas_Stone_Trainer/0.jpg', 'inferior-das-costas', 'outros'),
(29, 'Pedras Atlas', 'https://raw.githubusercontent.com/yuhonas/free-exercise-db/main/exercises/Atlas_Stones/0.jpg', 'inferior-das-costas', 'outros'),
(30, 'Levantamento Terra com Eixo', 'https://raw.githubusercontent.com/yuhonas/free-exercise-db/main/exercises/Axle_Deadlift/0.jpg', 'inferior-das-costas', 'outros'),
(31, 'Crucifixo Invertido com Banda', 'https://raw.githubusercontent.com/yuhonas/free-exercise-db/main/exercises/Back_Flyes_-_With_Bands/0.jpg', 'ombros', 'faixas'),
(32, 'Arrasto para Trás', 'https://raw.githubusercontent.com/yuhonas/free-exercise-db/main/exercises/Backward_Drag/0.jpg', 'quadriceps', 'outros'),
(33, 'Arremesso de Medicine Ball para Trás', 'https://raw.githubusercontent.com/yuhonas/free-exercise-db/main/exercises/Backward_Medicine_Ball_Throw/0.jpg', 'ombros', 'bola-medicinal'),
(34, 'Prancha de Equilíbrio', 'https://raw.githubusercontent.com/yuhonas/free-exercise-db/main/exercises/Balance_Board/0.jpg', 'panturrilhas', 'outros'),
(35, 'Flexão de Pernas com Bola', 'https://raw.githubusercontent.com/yuhonas/free-exercise-db/main/exercises/Ball_Leg_Curl/0.jpg', 'isquiotibiais', 'bola-de-exercicio'),
(36, 'Barra Fixa Assistida com Banda', 'https://raw.githubusercontent.com/yuhonas/free-exercise-db/main/exercises/Band_Assisted_Pull-Up/0.jpg', 'dorsais', 'outros'),
(37, 'Bom Dia com Banda', 'https://raw.githubusercontent.com/yuhonas/free-exercise-db/main/exercises/Band_Good_Morning/0.jpg', 'isquiotibiais', 'faixas'),
(38, 'Bom Dia com Puxada de Banda', 'https://raw.githubusercontent.com/yuhonas/free-exercise-db/main/exercises/Band_Good_Morning_Pull_Through/0.jpg', 'isquiotibiais', 'faixas'),
(39, 'Adução de Quadril com Banda', 'https://raw.githubusercontent.com/yuhonas/free-exercise-db/main/exercises/Band_Hip_Adductions/0.jpg', 'adutores', 'faixas'),
(40, 'Abertura de Banda', 'https://raw.githubusercontent.com/yuhonas/free-exercise-db/main/exercises/Band_Pull_Apart/0.jpg', 'ombros', 'faixas'),
(41, 'Tríceps Skull Crusher com Banda', 'https://raw.githubusercontent.com/yuhonas/free-exercise-db/main/exercises/Band_Skull_Crusher/0.jpg', 'triceps', 'faixas'),
(42, 'Abdominal com Roda de Abdominais usando Barra', 'https://raw.githubusercontent.com/yuhonas/free-exercise-db/main/exercises/Barbell_Ab_Rollout/0.jpg', 'abdominais', 'barra'),
(43, 'Abdominal com Roda de Abdominais usando Barra - Ajoelhado', 'https://raw.githubusercontent.com/yuhonas/free-exercise-db/main/exercises/Barbell_Ab_Rollout_-_On_Knees/0.jpg', 'abdominais', 'barra'),
(44, 'Supino Reto com Barra - Pegada Média', 'https://raw.githubusercontent.com/yuhonas/free-exercise-db/main/exercises/Barbell_Bench_Press_-_Medium_Grip/0.jpg', 'peito', 'barra'),
(45, 'Rosca Direta com Barra', 'https://raw.githubusercontent.com/yuhonas/free-exercise-db/main/exercises/Barbell_Curl/0.jpg', 'biceps', 'barra'),
(46, 'Rosca com Barra no Banco Inclinado', 'https://raw.githubusercontent.com/yuhonas/free-exercise-db/main/exercises/Barbell_Curls_Lying_Against_An_Incline/0.jpg', 'biceps', 'barra'),
(47, 'Levantamento Terra com Barra', 'https://raw.githubusercontent.com/yuhonas/free-exercise-db/main/exercises/Barbell_Deadlift/0.jpg', 'inferior-das-costas', 'barra'),
(48, 'Agachamento Livre com Barra', 'https://raw.githubusercontent.com/yuhonas/free-exercise-db/main/exercises/Barbell_Full_Squat/0.jpg', 'quadriceps', 'barra'),
(49, 'Elevação de Quadril com Barra', 'https://raw.githubusercontent.com/yuhonas/free-exercise-db/main/exercises/Barbell_Glute_Bridge/0.jpg', 'gluteos', 'barra'),
(50, 'Supino Guilhotina com Barra', 'https://raw.githubusercontent.com/yuhonas/free-exercise-db/main/exercises/Barbell_Guillotine_Bench_Press/0.jpg', 'peito', 'barra'),
(51, 'Agachamento Hack com Barra', 'https://raw.githubusercontent.com/yuhonas/free-exercise-db/main/exercises/Barbell_Hack_Squat/0.jpg', 'quadriceps', 'barra'),
(52, 'Elevação Pélvica com Barra', 'https://raw.githubusercontent.com/yuhonas/free-exercise-db/main/exercises/Barbell_Hip_Thrust/0.jpg', 'gluteos', 'barra'),
(53, 'Supino Inclinado com Barra - Pegada Média', 'https://raw.githubusercontent.com/yuhonas/free-exercise-db/main/exercises/Barbell_Incline_Bench_Press_-_Medium_Grip/0.jpg', 'peito', 'barra'),
(54, 'Elevação de Ombros Inclinada com Barra', 'https://raw.githubusercontent.com/yuhonas/free-exercise-db/main/exercises/Barbell_Incline_Shoulder_Raise/0.jpg', 'ombros', 'barra'),
(55, 'Afundo com Barra', 'https://raw.githubusercontent.com/yuhonas/free-exercise-db/main/exercises/Barbell_Lunge/0.jpg', 'quadriceps', 'barra'),
(56, 'Remada Alta para Deltóides Posteriores com Barra', 'https://raw.githubusercontent.com/yuhonas/free-exercise-db/main/exercises/Barbell_Rear_Delt_Row/0.jpg', 'ombros', 'barra'),
(57, 'Rollout com Barra a Partir do Banco', 'https://raw.githubusercontent.com/yuhonas/free-exercise-db/main/exercises/Barbell_Rollout_from_Bench/0.jpg', 'abdominais', 'barra'),
(58, 'Elevação de Panturrilha Sentado com Barra', 'https://raw.githubusercontent.com/yuhonas/free-exercise-db/main/exercises/Barbell_Seated_Calf_Raise/0.jpg', 'panturrilhas', 'barra'),
(59, 'Desenvolvimento Militar com Barra', 'https://raw.githubusercontent.com/yuhonas/free-exercise-db/main/exercises/Barbell_Shoulder_Press/0.jpg', 'ombros', 'barra'),
(60, 'Encolhimento de Ombros com Barra', 'https://raw.githubusercontent.com/yuhonas/free-exercise-db/main/exercises/Barbell_Shrug/0.jpg', 'trapezio', 'barra'),
(61, 'Encolhimento com Barra Atrás das Costas', 'https://raw.githubusercontent.com/yuhonas/free-exercise-db/main/exercises/Barbell_Shrug_Behind_The_Back/0.jpg', 'trapezio', 'barra'),
(62, 'Inclinação Lateral com Barra', 'https://raw.githubusercontent.com/yuhonas/free-exercise-db/main/exercises/Barbell_Side_Bend/0.jpg', 'abdominais', 'barra'),
(63, 'Agachamento Lateral com Barra', 'https://raw.githubusercontent.com/yuhonas/free-exercise-db/main/exercises/Barbell_Side_Split_Squat/0.jpg', 'quadriceps', 'barra'),
(64, 'Agachamento com Barra', 'https://raw.githubusercontent.com/yuhonas/free-exercise-db/main/exercises/Barbell_Squat/0.jpg', 'quadriceps', 'barra'),
(65, 'Agachamento com Barra até o Banco', 'https://raw.githubusercontent.com/yuhonas/free-exercise-db/main/exercises/Barbell_Squat_To_A_Bench/0.jpg', 'quadriceps', 'barra'),
(66, 'Step Up com Barra', 'https://raw.githubusercontent.com/yuhonas/free-exercise-db/main/exercises/Barbell_Step_Ups/0.jpg', 'quadriceps', 'barra'),
(67, 'Afundo Caminhando com Barra', 'https://raw.githubusercontent.com/yuhonas/free-exercise-db/main/exercises/Barbell_Walking_Lunge/0.jpg', 'quadriceps', 'barra'),
(68, 'Cordas de Batalha', 'https://raw.githubusercontent.com/yuhonas/free-exercise-db/main/exercises/Battling_Ropes/0.jpg', 'ombros', 'outros'),
(69, 'Arrasto de Trenó em Posição de Urso', 'https://raw.githubusercontent.com/yuhonas/free-exercise-db/main/exercises/Bear_Crawl_Sled_Drags/0.jpg', 'quadriceps', 'outros'),
(70, 'Alongamento de Peito Atrás da Cabeça', 'https://raw.githubusercontent.com/yuhonas/free-exercise-db/main/exercises/Behind_Head_Chest_Stretch/0.jpg', 'peito', 'outros'),
(71, 'Mergulho no Banco', 'https://raw.githubusercontent.com/yuhonas/free-exercise-db/main/exercises/Bench_Dips/0.jpg', 'triceps', 'peso-do-corpo'),
(72, 'Salto no Banco', 'https://raw.githubusercontent.com/yuhonas/free-exercise-db/main/exercises/Bench_Jump/0.jpg', 'quadriceps', 'peso-do-corpo'),
(73, 'Supino - Powerlifting', 'https://raw.githubusercontent.com/yuhonas/free-exercise-db/main/exercises/Bench_Press_-_Powerlifting/0.jpg', 'triceps', 'barra'),
(74, 'Supino com Elásticos', 'https://raw.githubusercontent.com/yuhonas/free-exercise-db/main/exercises/Bench_Press_-_With_Bands/0.jpg', 'peito', 'faixas'),
(75, 'Supino com Correntes', 'https://raw.githubusercontent.com/yuhonas/free-exercise-db/main/exercises/Bench_Press_with_Chains/0.jpg', 'triceps', 'barra'),
(76, 'Corrida no Banco', 'https://raw.githubusercontent.com/yuhonas/free-exercise-db/main/exercises/Bench_Sprint/0.jpg', 'quadriceps', 'outros'),
(77, 'Pullover com Barra e Braços Flexionados', 'https://raw.githubusercontent.com/yuhonas/free-exercise-db/main/exercises/Bent-Arm_Barbell_Pullover/0.jpg', 'dorsais', 'barra'),
(78, 'Pullover com Halter e Braços Flexionados', 'https://raw.githubusercontent.com/yuhonas/free-exercise-db/main/exercises/Bent-Arm_Dumbbell_Pullover/0.jpg', 'peito', 'halteres'),
(79, 'Elevação de Quadril com Joelhos Flexionados', 'https://raw.githubusercontent.com/yuhonas/free-exercise-db/main/exercises/Bent-Knee_Hip_Raise/0.jpg', 'abdominais', 'peso-do-corpo'),
(80, 'Remada Curvada com Barra', 'https://raw.githubusercontent.com/yuhonas/free-exercise-db/main/exercises/Bent_Over_Barbell_Row/0.jpg', 'meio-das-costas', 'barra'),
(81, 'Elevação Posterior de Deltóide com Halteres Inclinado e Cabeça no Banco', 'https://raw.githubusercontent.com/yuhonas/free-exercise-db/main/exercises/Bent_Over_Dumbbell_Rear_Delt_Raise_With_Head_On_Bench/0.jpg', 'ombros', 'halteres'),
(82, 'Elevação Lateral Inclinada com Polia Baixa', 'https://raw.githubusercontent.com/yuhonas/free-exercise-db/main/exercises/Bent_Over_Low-Pulley_Side_Lateral/0.jpg', 'ombros', 'cabo'),
(83, 'Remada Curvada com Barra Longa e Um Braço', 'https://raw.githubusercontent.com/yuhonas/free-exercise-db/main/exercises/Bent_Over_One-Arm_Long_Bar_Row/0.jpg', 'meio-das-costas', 'barra'),
(84, 'Remada Curvada com Barra Longa e Dois Braços', 'https://raw.githubusercontent.com/yuhonas/free-exercise-db/main/exercises/Bent_Over_Two-Arm_Long_Bar_Row/0.jpg', 'meio-das-costas', 'barra'),
(85, 'Remada Curvada com Dois Halteres', 'https://raw.githubusercontent.com/yuhonas/free-exercise-db/main/exercises/Bent_Over_Two-Dumbbell_Row/0.jpg', 'meio-das-costas', 'halteres'),
(86, 'Remada Curvada com Dois Halteres e Palmas para Dentro', 'https://raw.githubusercontent.com/yuhonas/free-exercise-db/main/exercises/Bent_Over_Two-Dumbbell_Row_With_Palms_In/0.jpg', 'meio-das-costas', 'halteres'),
(87, 'Bent Press com Kettlebell', 'https://raw.githubusercontent.com/yuhonas/free-exercise-db/main/exercises/Bent_Press/0.jpg', 'abdominais', 'kettlebell'),
(88, 'Ciclismo', 'https://raw.githubusercontent.com/yuhonas/free-exercise-db/main/exercises/Bicycling/0.jpg', 'quadriceps', 'outros'),
(89, 'Ciclismo Estacionário', 'https://raw.githubusercontent.com/yuhonas/free-exercise-db/main/exercises/Bicycling_Stationary/0.jpg', 'quadriceps', 'maquina'),
(90, 'Supino com Tábuas', 'https://raw.githubusercontent.com/yuhonas/free-exercise-db/main/exercises/Board_Press/0.jpg', 'triceps', 'barra'),
(91, 'Body-Up', 'https://raw.githubusercontent.com/yuhonas/free-exercise-db/main/exercises/Body-Up/0.jpg', 'triceps', 'peso-do-corpo'),
(92, 'Tríceps Press Corporal', 'https://raw.githubusercontent.com/yuhonas/free-exercise-db/main/exercises/Body_Tricep_Press/0.jpg', 'triceps', 'peso-do-corpo'),
(93, 'Flyes Corporal', 'https://raw.githubusercontent.com/yuhonas/free-exercise-db/main/exercises/Bodyweight_Flyes/0.jpg', 'peito', 'barra-w'),
(94, 'Remada Média Corporal', 'https://raw.githubusercontent.com/yuhonas/free-exercise-db/main/exercises/Bodyweight_Mid_Row/0.jpg', 'meio-das-costas', 'outros'),
(95, 'Agachamento Corporal', 'https://raw.githubusercontent.com/yuhonas/free-exercise-db/main/exercises/Bodyweight_Squat/0.jpg', 'quadriceps', 'peso-do-corpo'),
(96, 'Afundo Caminhando Corporal', 'https://raw.githubusercontent.com/yuhonas/free-exercise-db/main/exercises/Bodyweight_Walking_Lunge/0.jpg', 'quadriceps', NULL),
(97, 'Crunch com Cabo e Bosu Ball com Flexões Laterais', 'https://raw.githubusercontent.com/yuhonas/free-exercise-db/main/exercises/Bosu_Ball_Cable_Crunch_With_Side_Bends/0.jpg', 'abdominais', 'cabo'),
(98, 'Clean de Kettlebell Bottoms-Up da Posição Suspensa', 'https://raw.githubusercontent.com/yuhonas/free-exercise-db/main/exercises/Bottoms-Up_Clean_From_The_Hang_Position/0.jpg', 'antebracos', 'kettlebell'),
(99, 'Bottoms-Up', 'https://raw.githubusercontent.com/yuhonas/free-exercise-db/main/exercises/Bottoms_Up/0.jpg', 'abdominais', 'peso-do-corpo'),
(100, 'Salto na Caixa (Resposta Múltipla)', 'https://raw.githubusercontent.com/yuhonas/free-exercise-db/main/exercises/Box_Jump_Multiple_Response/0.jpg', 'isquiotibiais', 'outros'),
(101, 'Pulo na Caixa', 'https://raw.githubusercontent.com/yuhonas/free-exercise-db/main/exercises/Box_Skip/0.jpg', 'isquiotibiais', 'outros'),
(102, 'Agachamento na Caixa', 'https://raw.githubusercontent.com/yuhonas/free-exercise-db/main/exercises/Box_Squat/0.jpg', 'quadriceps', 'barra'),
(103, 'Agachamento na Caixa com Elásticos', 'https://raw.githubusercontent.com/yuhonas/free-exercise-db/main/exercises/Box_Squat_with_Bands/0.jpg', 'quadriceps', 'barra'),
(104, 'Agachamento na Caixa com Correntes', 'https://raw.githubusercontent.com/yuhonas/free-exercise-db/main/exercises/Box_Squat_with_Chains/0.jpg', 'quadriceps', 'barra'),
(105, 'Liberação Miofascial do Braquial', 'https://raw.githubusercontent.com/yuhonas/free-exercise-db/main/exercises/Brachialis-SMR/0.jpg', 'biceps', 'rolo-de-espuma'),
(106, 'Press Bradford/Rocky', 'https://raw.githubusercontent.com/yuhonas/free-exercise-db/main/exercises/Bradford_Rocky_Presses/0.jpg', 'ombros', 'barra'),
(107, 'Elevação de Quadril', 'https://raw.githubusercontent.com/yuhonas/free-exercise-db/main/exercises/Butt-Ups/0.jpg', 'abdominais', 'peso-do-corpo'),
(108, 'Elevação de Quadril (Ponte)', 'https://raw.githubusercontent.com/yuhonas/free-exercise-db/main/exercises/Butt_Lift_Bridge/0.jpg', 'gluteos', 'peso-do-corpo'),
(109, 'Butterfly', 'https://raw.githubusercontent.com/yuhonas/free-exercise-db/main/exercises/Butterfly/0.jpg', 'peito', 'maquina'),
(110, 'Press no Cabo', 'https://raw.githubusercontent.com/yuhonas/free-exercise-db/main/exercises/Cable_Chest_Press/0.jpg', 'peito', 'cabo'),
(111, 'Crossover na Polia', 'https://raw.githubusercontent.com/yuhonas/free-exercise-db/main/exercises/Cable_Crossover/0.jpg', 'peito', 'cabo'),
(112, 'Abdominal na Polia', 'https://raw.githubusercontent.com/yuhonas/free-exercise-db/main/exercises/Cable_Crunch/0.jpg', 'abdominais', 'cabo'),
(113, 'Levantamento Terra na Polia', 'https://raw.githubusercontent.com/yuhonas/free-exercise-db/main/exercises/Cable_Deadlifts/0.jpg', 'quadriceps', 'cabo'),
(114, 'Rosca Martelo na Polia com Corda', 'https://raw.githubusercontent.com/yuhonas/free-exercise-db/main/exercises/Cable_Hammer_Curls_-_Rope_Attachment/0.jpg', 'biceps', 'cabo'),
(115, 'Adução de Quadril na Polia', 'https://raw.githubusercontent.com/yuhonas/free-exercise-db/main/exercises/Cable_Hip_Adduction/0.jpg', 'quadriceps', 'cabo'),
(116, 'Tríceps Pulley Inclinado', 'https://raw.githubusercontent.com/yuhonas/free-exercise-db/main/exercises/Cable_Incline_Pushdown/0.jpg', 'dorsais', 'cabo'),
(117, 'Extensão de Tríceps Inclinada na Polia', 'https://raw.githubusercontent.com/yuhonas/free-exercise-db/main/exercises/Cable_Incline_Triceps_Extension/0.jpg', 'triceps', 'cabo'),
(118, 'Rotação Interna na Polia', 'https://raw.githubusercontent.com/yuhonas/free-exercise-db/main/exercises/Cable_Internal_Rotation/0.jpg', 'ombros', 'cabo'),
(119, 'Crucifixo na Polia (Iron Cross)', 'https://raw.githubusercontent.com/yuhonas/free-exercise-db/main/exercises/Cable_Iron_Cross/0.jpg', 'peito', 'cabo'),
(120, 'Giro de Judô na Polia', 'https://raw.githubusercontent.com/yuhonas/free-exercise-db/main/exercises/Cable_Judo_Flip/0.jpg', 'abdominais', 'cabo'),
(121, 'Tríceps Francês na Polia Deitado', 'https://raw.githubusercontent.com/yuhonas/free-exercise-db/main/exercises/Cable_Lying_Triceps_Extension/0.jpg', 'triceps', 'cabo'),
(122, 'Tríceps Pulley Unilateral', 'https://raw.githubusercontent.com/yuhonas/free-exercise-db/main/exercises/Cable_One_Arm_Tricep_Extension/0.jpg', 'triceps', 'cabo'),
(123, 'Rosca Scott na Polia', 'https://raw.githubusercontent.com/yuhonas/free-exercise-db/main/exercises/Cable_Preacher_Curl/0.jpg', 'biceps', 'cabo'),
(124, 'Crucifixo Inverso na Polia', 'https://raw.githubusercontent.com/yuhonas/free-exercise-db/main/exercises/Cable_Rear_Delt_Fly/0.jpg', 'ombros', 'cabo'),
(125, 'Abdominal Infra na Polia', 'https://raw.githubusercontent.com/yuhonas/free-exercise-db/main/exercises/Cable_Reverse_Crunch/0.jpg', 'abdominais', 'cabo'),
(126, 'Tríceps Corda Acima da Cabeça', 'https://raw.githubusercontent.com/yuhonas/free-exercise-db/main/exercises/Cable_Rope_Overhead_Triceps_Extension/0.jpg', 'triceps', 'cabo'),
(127, 'Remada Alta com Corda para Deltóides Posteriores', 'https://raw.githubusercontent.com/yuhonas/free-exercise-db/main/exercises/Cable_Rope_Rear-Delt_Rows/0.jpg', 'ombros', 'cabo'),
(128, 'Rotação Russa na Polia', 'https://raw.githubusercontent.com/yuhonas/free-exercise-db/main/exercises/Cable_Russian_Twists/0.jpg', 'abdominais', 'cabo'),
(129, 'Abdominal Sentado na Polia', 'https://raw.githubusercontent.com/yuhonas/free-exercise-db/main/exercises/Cable_Seated_Crunch/0.jpg', 'abdominais', 'cabo'),
(130, 'Elevação Lateral Sentado na Polia', 'https://raw.githubusercontent.com/yuhonas/free-exercise-db/main/exercises/Cable_Seated_Lateral_Raise/0.jpg', 'ombros', 'cabo'),
(131, 'Desenvolvimento no Pulley', 'https://raw.githubusercontent.com/yuhonas/free-exercise-db/main/exercises/Cable_Shoulder_Press/0.jpg', 'ombros', 'cabo'),
(132, 'Encolhimento no Pulley', 'https://raw.githubusercontent.com/yuhonas/free-exercise-db/main/exercises/Cable_Shrugs/0.jpg', 'trapezio', 'cabo'),
(133, 'Flexão de Punho no Pulley', 'https://raw.githubusercontent.com/yuhonas/free-exercise-db/main/exercises/Cable_Wrist_Curl/0.jpg', 'antebracos', 'cabo'),
(134, 'Encolhimento de Ombros na Máquina de Panturrilha', 'https://raw.githubusercontent.com/yuhonas/free-exercise-db/main/exercises/Calf-Machine_Shoulder_Shrug/0.jpg', 'trapezio', 'maquina'),
(135, 'Press de Panturrilha', 'https://raw.githubusercontent.com/yuhonas/free-exercise-db/main/exercises/Calf_Press/0.jpg', 'panturrilhas', 'maquina'),
(136, 'Press de Panturrilha na Máquina de Leg Press', 'https://raw.githubusercontent.com/yuhonas/free-exercise-db/main/exercises/Calf_Press_On_The_Leg_Press_Machine/0.jpg', 'panturrilhas', 'maquina'),
(137, 'Elevação de Panturrilha com Halter', 'https://raw.githubusercontent.com/yuhonas/free-exercise-db/main/exercises/Calf_Raise_On_A_Dumbbell/0.jpg', 'panturrilhas', 'halteres'),
(138, 'Elevação de Panturrilha com Banda', 'https://raw.githubusercontent.com/yuhonas/free-exercise-db/main/exercises/Calf_Raises_-_With_Bands/0.jpg', 'panturrilhas', 'faixas'),
(139, 'Alongamento de Panturrilha com Cotovelos na Parede', 'https://raw.githubusercontent.com/yuhonas/free-exercise-db/main/exercises/Calf_Stretch_Elbows_Against_Wall/0.jpg', 'panturrilhas', NULL),
(140, 'Alongamento de Panturrilha com Mãos na Parede', 'https://raw.githubusercontent.com/yuhonas/free-exercise-db/main/exercises/Calf_Stretch_Hands_Against_Wall/0.jpg', 'panturrilhas', NULL),
(141, 'Auto-Massagem na Panturrilha', 'https://raw.githubusercontent.com/yuhonas/free-exercise-db/main/exercises/Calves-SMR/0.jpg', 'panturrilhas', 'rolo-de-espuma'),
(142, 'Levantamento Terra de Carro', 'https://raw.githubusercontent.com/yuhonas/free-exercise-db/main/exercises/Car_Deadlift/0.jpg', 'quadriceps', 'outros'),
(143, 'Motoristas de Carro', 'https://raw.githubusercontent.com/yuhonas/free-exercise-db/main/exercises/Car_Drivers/0.jpg', 'ombros', 'barra'),
(144, 'Passo Rápido Carioca', 'https://raw.githubusercontent.com/yuhonas/free-exercise-db/main/exercises/Carioca_Quick_Step/0.jpg', 'adutores', NULL),
(145, 'Alongamento do Gato', 'https://raw.githubusercontent.com/yuhonas/free-exercise-db/main/exercises/Cat_Stretch/0.jpg', 'inferior-das-costas', NULL),
(146, 'Arremesso por Cima com Recepção', 'https://raw.githubusercontent.com/yuhonas/free-exercise-db/main/exercises/Catch_and_Overhead_Throw/0.jpg', 'dorsais', 'bola-medicinal'),
(147, 'Extensão com Alças e Correntes', 'https://raw.githubusercontent.com/yuhonas/free-exercise-db/main/exercises/Chain_Handle_Extension/0.jpg', 'triceps', 'outros'),
(148, 'Supino com Correntes', 'https://raw.githubusercontent.com/yuhonas/free-exercise-db/main/exercises/Chain_Press/0.jpg', 'peito', 'outros'),
(149, 'Alongamento de Perna Estendida na Cadeira', 'https://raw.githubusercontent.com/yuhonas/free-exercise-db/main/exercises/Chair_Leg_Extended_Stretch/0.jpg', 'isquiotibiais', 'outros'),
(150, 'Alongamento Lombar na Cadeira', 'https://raw.githubusercontent.com/yuhonas/free-exercise-db/main/exercises/Chair_Lower_Back_Stretch/0.jpg', 'dorsais', NULL),
(151, 'Agachamento na Cadeira', 'https://raw.githubusercontent.com/yuhonas/free-exercise-db/main/exercises/Chair_Squat/0.jpg', 'quadriceps', 'maquina'),
(152, 'Alongamento da Parte Superior do Corpo na Cadeira', 'https://raw.githubusercontent.com/yuhonas/free-exercise-db/main/exercises/Chair_Upper_Body_Stretch/0.jpg', 'ombros', 'outros'),
(153, 'Alongamento do Peito e Parte Dianteira do Ombro', 'https://raw.githubusercontent.com/yuhonas/free-exercise-db/main/exercises/Chest_And_Front_Of_Shoulder_Stretch/0.jpg', 'peito', 'outros'),
(154, 'Arremesso de Peito com Base de Três Pontos', 'https://raw.githubusercontent.com/yuhonas/free-exercise-db/main/exercises/Chest_Push_from_3_point_stance/0.jpg', 'peito', 'bola-medicinal'),
(155, 'Arremesso de Peito (Resposta Múltipla)', 'https://raw.githubusercontent.com/yuhonas/free-exercise-db/main/exercises/Chest_Push_multiple_response/0.jpg', 'peito', 'bola-medicinal'),
(156, 'Arremesso de Peito (Resposta Única)', 'https://raw.githubusercontent.com/yuhonas/free-exercise-db/main/exercises/Chest_Push_single_response/0.jpg', 'peito', 'bola-medicinal'),
(157, 'Arremesso de Peito com Corrida Após o Lançamento', 'https://raw.githubusercontent.com/yuhonas/free-exercise-db/main/exercises/Chest_Push_with_Run_Release/0.jpg', 'peito', 'bola-medicinal'),
(158, 'Alongamento do Peito na Bola de Estabilidade', 'https://raw.githubusercontent.com/yuhonas/free-exercise-db/main/exercises/Chest_Stretch_on_Stability_Ball/0.jpg', 'peito', 'bola-de-exercicio'),
(159, 'Postura da Criança', 'https://raw.githubusercontent.com/yuhonas/free-exercise-db/main/exercises/Childs_Pose/0.jpg', 'inferior-das-costas', NULL),
(160, 'Chin-Up', 'https://raw.githubusercontent.com/yuhonas/free-exercise-db/main/exercises/Chin-Up/0.jpg', 'dorsais', 'peso-do-corpo'),
(161, 'Alongamento de Queixo ao Peito', 'https://raw.githubusercontent.com/yuhonas/free-exercise-db/main/exercises/Chin_To_Chest_Stretch/0.jpg', 'pescoco', NULL),
(162, 'Circus Bell', 'https://raw.githubusercontent.com/yuhonas/free-exercise-db/main/exercises/Circus_Bell/0.jpg', 'ombros', 'outros'),
(163, 'Clean', 'https://raw.githubusercontent.com/yuhonas/free-exercise-db/main/exercises/Clean/0.jpg', 'isquiotibiais', 'barra'),
(164, 'Levantamento Terra para Clean', 'https://raw.githubusercontent.com/yuhonas/free-exercise-db/main/exercises/Clean_Deadlift/0.jpg', 'isquiotibiais', 'barra'),
(165, 'Puxada para Clean', 'https://raw.githubusercontent.com/yuhonas/free-exercise-db/main/exercises/Clean_Pull/0.jpg', 'quadriceps', 'barra'),
(166, 'Encolhimento para Clean', 'https://raw.githubusercontent.com/yuhonas/free-exercise-db/main/exercises/Clean_Shrug/0.jpg', 'trapezio', 'barra'),
(167, 'Clean e Arranco', 'https://raw.githubusercontent.com/yuhonas/free-exercise-db/main/exercises/Clean_and_Jerk/0.jpg', 'ombros', 'barra'),
(168, 'Clean e Desenvolvimento', 'https://raw.githubusercontent.com/yuhonas/free-exercise-db/main/exercises/Clean_and_Press/0.jpg', 'ombros', 'barra'),
(169, 'Clean a Partir de Blocos', 'https://raw.githubusercontent.com/yuhonas/free-exercise-db/main/exercises/Clean_from_Blocks/0.jpg', 'quadriceps', 'barra'),
(170, 'Flexão em Relógio', 'https://raw.githubusercontent.com/yuhonas/free-exercise-db/main/exercises/Clock_Push-Up/0.jpg', 'peito', 'peso-do-corpo'),
(171, 'Supino Reto com Barra em Pegada Fechada', 'https://raw.githubusercontent.com/yuhonas/free-exercise-db/main/exercises/Close-Grip_Barbell_Bench_Press/0.jpg', 'triceps', 'barra'),
(172, 'Supino com Halteres em Pegada Fechada', 'https://raw.githubusercontent.com/yuhonas/free-exercise-db/main/exercises/Close-Grip_Dumbbell_Press/0.jpg', 'triceps', 'halteres'),
(173, 'Rosca com Barra W em Pegada Fechada com Banda', 'https://raw.githubusercontent.com/yuhonas/free-exercise-db/main/exercises/Close-Grip_EZ-Bar_Curl_with_Band/0.jpg', 'biceps', 'barra-w'),
(174, 'Supino com Barra W em Pegada Fechada', 'https://raw.githubusercontent.com/yuhonas/free-exercise-db/main/exercises/Close-Grip_EZ-Bar_Press/0.jpg', 'triceps', 'barra-w'),
(175, 'Rosca com Barra W em Pegada Fechada', 'https://raw.githubusercontent.com/yuhonas/free-exercise-db/main/exercises/Close-Grip_EZ_Bar_Curl/0.jpg', 'biceps', 'barra'),
(176, 'Pulldown Frente em Pegada Fechada', 'https://raw.githubusercontent.com/yuhonas/free-exercise-db/main/exercises/Close-Grip_Front_Lat_Pulldown/0.jpg', 'dorsais', 'cabo'),
(177, 'Flexão em Pegada Fechada com Halter', 'https://raw.githubusercontent.com/yuhonas/free-exercise-db/main/exercises/Close-Grip_Push-Up_off_of_a_Dumbbell/0.jpg', 'triceps', 'peso-do-corpo'),
(178, 'Rosca com Barra em Pé em Pegada Fechada', 'https://raw.githubusercontent.com/yuhonas/free-exercise-db/main/exercises/Close-Grip_Standing_Barbell_Curl/0.jpg', 'biceps', 'barra'),
(179, 'Abdominal Casulo', 'https://raw.githubusercontent.com/yuhonas/free-exercise-db/main/exercises/Cocoons/0.jpg', 'abdominais', 'peso-do-corpo'),
(180, 'Roda de Conan', 'https://raw.githubusercontent.com/yuhonas/free-exercise-db/main/exercises/Conans_Wheel/0.jpg', 'quadriceps', 'outros'),
(181, 'Rosca Concentrada', 'https://raw.githubusercontent.com/yuhonas/free-exercise-db/main/exercises/Concentration_Curls/0.jpg', 'biceps', 'halteres'),
(182, 'Abdominal Cruzado', 'https://raw.githubusercontent.com/yuhonas/free-exercise-db/main/exercises/Cross-Body_Crunch/0.jpg', 'abdominais', 'peso-do-corpo'),
(183, 'Rosca Martelo Cruzada', 'https://raw.githubusercontent.com/yuhonas/free-exercise-db/main/exercises/Cross_Body_Hammer_Curl/0.jpg', 'biceps', 'halteres'),
(184, 'Crossover com Faixas Elásticas', 'https://raw.githubusercontent.com/yuhonas/free-exercise-db/main/exercises/Cross_Over_-_With_Bands/0.jpg', 'peito', 'faixas'),
(185, 'Afundo Reverso Cruzado', 'https://raw.githubusercontent.com/yuhonas/free-exercise-db/main/exercises/Crossover_Reverse_Lunge/0.jpg', 'inferior-das-costas', NULL),
(186, 'Crucifixo', 'https://raw.githubusercontent.com/yuhonas/free-exercise-db/main/exercises/Crucifix/0.jpg', 'ombros', 'outros'),
(187, 'Abdominal com Mãos Acima da Cabeça', 'https://raw.githubusercontent.com/yuhonas/free-exercise-db/main/exercises/Crunch_-_Hands_Overhead/0.jpg', 'abdominais', 'peso-do-corpo'),
(188, 'Abdominal com Pernas na Bola', 'https://raw.githubusercontent.com/yuhonas/free-exercise-db/main/exercises/Crunch_-_Legs_On_Exercise_Ball/0.jpg', 'abdominais', 'peso-do-corpo'),
(189, 'Abdominais', 'https://raw.githubusercontent.com/yuhonas/free-exercise-db/main/exercises/Crunches/0.jpg', 'abdominais', 'peso-do-corpo'),
(190, 'Cuban Press', 'https://raw.githubusercontent.com/yuhonas/free-exercise-db/main/exercises/Cuban_Press/0.jpg', 'ombros', 'halteres'),
(191, 'Alongamento do Dançarino', 'https://raw.githubusercontent.com/yuhonas/free-exercise-db/main/exercises/Dancers_Stretch/0.jpg', 'inferior-das-costas', NULL),
(192, 'Inseto Morto', 'https://raw.githubusercontent.com/yuhonas/free-exercise-db/main/exercises/Dead_Bug/0.jpg', 'abdominais', 'peso-do-corpo'),
(193, 'Levantamento Terra com Elásticos', 'https://raw.githubusercontent.com/yuhonas/free-exercise-db/main/exercises/Deadlift_with_Bands/0.jpg', 'inferior-das-costas', 'barra'),
(194, 'Levantamento Terra com Correntes', 'https://raw.githubusercontent.com/yuhonas/free-exercise-db/main/exercises/Deadlift_with_Chains/0.jpg', 'inferior-das-costas', 'barra'),
(195, 'Supino Declinado com Barra', 'https://raw.githubusercontent.com/yuhonas/free-exercise-db/main/exercises/Decline_Barbell_Bench_Press/0.jpg', 'peito', 'barra'),
(196, 'Supino Declinado com Pegada Fechada e Tríceps Testa', 'https://raw.githubusercontent.com/yuhonas/free-exercise-db/main/exercises/Decline_Close-Grip_Bench_To_Skull_Crusher/0.jpg', 'triceps', 'barra'),
(197, 'Abdominal Declinado', 'https://raw.githubusercontent.com/yuhonas/free-exercise-db/main/exercises/Decline_Crunch/0.jpg', 'abdominais', 'peso-do-corpo'),
(198, 'Supino Declinado com Halteres', 'https://raw.githubusercontent.com/yuhonas/free-exercise-db/main/exercises/Decline_Dumbbell_Bench_Press/0.jpg', 'peito', 'halteres'),
(199, 'Crucifixo Declinado com Halteres', 'https://raw.githubusercontent.com/yuhonas/free-exercise-db/main/exercises/Decline_Dumbbell_Flyes/0.jpg', 'peito', 'halteres'),
(200, 'Extensão de Tríceps Declinada com Halteres', 'https://raw.githubusercontent.com/yuhonas/free-exercise-db/main/exercises/Decline_Dumbbell_Triceps_Extension/0.jpg', 'triceps', 'halteres'),
(201, 'Tríceps Francês no Banco Declinado com Barra W', 'https://raw.githubusercontent.com/yuhonas/free-exercise-db/main/exercises/Decline_EZ_Bar_Triceps_Extension/0.jpg', 'triceps', 'barra'),
(202, 'Crunch Oblíquo no Banco Declinado', 'https://raw.githubusercontent.com/yuhonas/free-exercise-db/main/exercises/Decline_Oblique_Crunch/0.jpg', 'abdominais', 'peso-do-corpo'),
(203, 'Flexão no Banco Declinado', 'https://raw.githubusercontent.com/yuhonas/free-exercise-db/main/exercises/Decline_Push-Up/0.jpg', 'peito', NULL),
(204, 'Crunch Inverso no Banco Declinado', 'https://raw.githubusercontent.com/yuhonas/free-exercise-db/main/exercises/Decline_Reverse_Crunch/0.jpg', 'abdominais', 'peso-do-corpo'),
(205, 'Supino no Smith com Banco Declinado', 'https://raw.githubusercontent.com/yuhonas/free-exercise-db/main/exercises/Decline_Smith_Press/0.jpg', 'peito', 'maquina'),
(206, 'Levantamento Terra com Déficit', 'https://raw.githubusercontent.com/yuhonas/free-exercise-db/main/exercises/Deficit_Deadlift/0.jpg', 'inferior-das-costas', 'barra'),
(207, 'Salto em Profundidade com Salto', 'https://raw.githubusercontent.com/yuhonas/free-exercise-db/main/exercises/Depth_Jump_Leap/0.jpg', 'quadriceps', 'outros'),
(208, 'Máquina de Mergulho', 'https://raw.githubusercontent.com/yuhonas/free-exercise-db/main/exercises/Dip_Machine/0.jpg', 'triceps', 'maquina'),
(209, 'Mergulho - Versão Peitoral', 'https://raw.githubusercontent.com/yuhonas/free-exercise-db/main/exercises/Dips_-_Chest_Version/0.jpg', 'peito', 'outros'),
(210, 'Mergulho - Versão Tríceps', 'https://raw.githubusercontent.com/yuhonas/free-exercise-db/main/exercises/Dips_-_Triceps_Version/0.jpg', 'triceps', 'peso-do-corpo'),
(211, 'Elevação de Panturrilha no Aparelho', 'https://raw.githubusercontent.com/yuhonas/free-exercise-db/main/exercises/Donkey_Calf_Raises/0.jpg', 'panturrilhas', 'outros'),
(212, 'Clean Alternado com Duas Kettlebells em Suspensão', 'https://raw.githubusercontent.com/yuhonas/free-exercise-db/main/exercises/Double_Kettlebell_Alternating_Hang_Clean/0.jpg', 'isquiotibiais', 'kettlebell'),
(213, 'Jerk com Duas Kettlebells', 'https://raw.githubusercontent.com/yuhonas/free-exercise-db/main/exercises/Double_Kettlebell_Jerk/0.jpg', 'ombros', 'kettlebell'),
(214, 'Push Press com Duas Kettlebells', 'https://raw.githubusercontent.com/yuhonas/free-exercise-db/main/exercises/Double_Kettlebell_Push_Press/0.jpg', 'ombros', 'kettlebell'),
(215, 'Snatch com Duas Kettlebells', 'https://raw.githubusercontent.com/yuhonas/free-exercise-db/main/exercises/Double_Kettlebell_Snatch/0.jpg', 'ombros', 'kettlebell'),
(216, 'Windmill com Duas Kettlebells', 'https://raw.githubusercontent.com/yuhonas/free-exercise-db/main/exercises/Double_Kettlebell_Windmill/0.jpg', 'abdominais', 'kettlebell'),
(217, 'Chute no Glúteo com Duas Pernas', 'https://raw.githubusercontent.com/yuhonas/free-exercise-db/main/exercises/Double_Leg_Butt_Kick/0.jpg', 'quadriceps', 'peso-do-corpo'),
(218, 'Equilíbrio em Posição de Cachorro Olhando para Baixo', 'https://raw.githubusercontent.com/yuhonas/free-exercise-db/main/exercises/Downward_Facing_Balance/0.jpg', 'gluteos', 'bola-de-exercicio'),
(219, 'Rosca Drag', 'https://raw.githubusercontent.com/yuhonas/free-exercise-db/main/exercises/Drag_Curl/0.jpg', 'biceps', 'barra'),
(220, 'Flexão com Queda', 'https://raw.githubusercontent.com/yuhonas/free-exercise-db/main/exercises/Drop_Push/0.jpg', 'peito', 'outros'),
(221, 'Rosca Alternada com Halteres', 'https://raw.githubusercontent.com/yuhonas/free-exercise-db/main/exercises/Dumbbell_Alternate_Bicep_Curl/0.jpg', 'biceps', 'halteres'),
(222, 'Supino com Halteres', 'https://raw.githubusercontent.com/yuhonas/free-exercise-db/main/exercises/Dumbbell_Bench_Press/0.jpg', 'peito', 'halteres'),
(223, 'Supino com Halteres e Pegada Neutra', 'https://raw.githubusercontent.com/yuhonas/free-exercise-db/main/exercises/Dumbbell_Bench_Press_with_Neutral_Grip/0.jpg', 'peito', 'halteres'),
(224, 'Rosca Bíceps com Halteres', 'https://raw.githubusercontent.com/yuhonas/free-exercise-db/main/exercises/Dumbbell_Bicep_Curl/0.jpg', 'biceps', 'halteres'),
(225, 'Arranco com Halteres', 'https://raw.githubusercontent.com/yuhonas/free-exercise-db/main/exercises/Dumbbell_Clean/0.jpg', 'isquiotibiais', 'halteres'),
(226, 'Supino no Chão com Halteres', 'https://raw.githubusercontent.com/yuhonas/free-exercise-db/main/exercises/Dumbbell_Floor_Press/0.jpg', 'triceps', 'halteres'),
(227, 'Crucifixo com Halteres', 'https://raw.githubusercontent.com/yuhonas/free-exercise-db/main/exercises/Dumbbell_Flyes/0.jpg', 'peito', 'halteres'),
(228, 'Remada Inclinada com Halteres', 'https://raw.githubusercontent.com/yuhonas/free-exercise-db/main/exercises/Dumbbell_Incline_Row/0.jpg', 'meio-das-costas', 'halteres'),
(229, 'Elevação de Ombros Inclinada com Halteres', 'https://raw.githubusercontent.com/yuhonas/free-exercise-db/main/exercises/Dumbbell_Incline_Shoulder_Raise/0.jpg', 'ombros', 'halteres'),
(230, 'Afundo com Halteres', 'https://raw.githubusercontent.com/yuhonas/free-exercise-db/main/exercises/Dumbbell_Lunges/0.jpg', 'quadriceps', 'halteres'),
(231, 'Elevação Lateral Posterior com Halter Deitado Unilateral', 'https://raw.githubusercontent.com/yuhonas/free-exercise-db/main/exercises/Dumbbell_Lying_One-Arm_Rear_Lateral_Raise/0.jpg', 'ombros', 'halteres'),
(232, 'Pronação com Halter Deitado', 'https://raw.githubusercontent.com/yuhonas/free-exercise-db/main/exercises/Dumbbell_Lying_Pronation/0.jpg', 'antebracos', 'halteres'),
(233, 'Elevação Lateral Posterior com Halteres Deitado', 'https://raw.githubusercontent.com/yuhonas/free-exercise-db/main/exercises/Dumbbell_Lying_Rear_Lateral_Raise/0.jpg', 'ombros', 'halteres'),
(234, 'Supinação com Halter Deitado Lateral', 'https://raw.githubusercontent.com/yuhonas/free-exercise-db/main/exercises/Dumbbell_Lying_Supination/0.jpg', 'antebracos', 'halteres'),
(235, 'Desenvolvimento de Ombros com Halter Unilateral', 'https://raw.githubusercontent.com/yuhonas/free-exercise-db/main/exercises/Dumbbell_One-Arm_Shoulder_Press/0.jpg', 'ombros', 'halteres'),
(236, 'Extensão de Tríceps com Halter Unilateral', 'https://raw.githubusercontent.com/yuhonas/free-exercise-db/main/exercises/Dumbbell_One-Arm_Triceps_Extension/0.jpg', 'triceps', 'halteres'),
(237, 'Remada Alta com Halter Unilateral', 'https://raw.githubusercontent.com/yuhonas/free-exercise-db/main/exercises/Dumbbell_One-Arm_Upright_Row/0.jpg', 'ombros', 'halteres'),
(238, 'Rosca Inclinada com Halteres Deitado', 'https://raw.githubusercontent.com/yuhonas/free-exercise-db/main/exercises/Dumbbell_Prone_Incline_Curl/0.jpg', 'biceps', 'halteres'),
(239, 'Elevação Lateral com Halteres', 'https://raw.githubusercontent.com/yuhonas/free-exercise-db/main/exercises/Dumbbell_Raise/0.jpg', 'ombros', 'halteres'),
(240, 'Afundo Posterior com Halteres', 'https://raw.githubusercontent.com/yuhonas/free-exercise-db/main/exercises/Dumbbell_Rear_Lunge/0.jpg', 'quadriceps', 'halteres'),
(241, 'Elevação Frontal com Halteres em 30 Graus', 'https://raw.githubusercontent.com/yuhonas/free-exercise-db/main/exercises/Dumbbell_Scaption/0.jpg', 'ombros', 'halteres'),
(242, 'Salto na Caixa Sentado com Halteres', 'https://raw.githubusercontent.com/yuhonas/free-exercise-db/main/exercises/Dumbbell_Seated_Box_Jump/0.jpg', 'quadriceps', 'halteres'),
(243, 'Panturrilha Sentado com Uma Perna e Halteres', 'https://raw.githubusercontent.com/yuhonas/free-exercise-db/main/exercises/Dumbbell_Seated_One-Leg_Calf_Raise/0.jpg', 'panturrilhas', 'halteres'),
(244, 'Desenvolvimento de Ombros com Halteres', 'https://raw.githubusercontent.com/yuhonas/free-exercise-db/main/exercises/Dumbbell_Shoulder_Press/0.jpg', 'ombros', 'halteres'),
(245, 'Encolhimento de Ombros com Halteres', 'https://raw.githubusercontent.com/yuhonas/free-exercise-db/main/exercises/Dumbbell_Shrug/0.jpg', 'trapezio', 'halteres'),
(246, 'Inclinação Lateral com Halteres', 'https://raw.githubusercontent.com/yuhonas/free-exercise-db/main/exercises/Dumbbell_Side_Bend/0.jpg', 'abdominais', 'halteres'),
(247, 'Agachamento com Halteres', 'https://raw.githubusercontent.com/yuhonas/free-exercise-db/main/exercises/Dumbbell_Squat/0.jpg', 'quadriceps', 'halteres'),
(248, 'Agachamento até o Banco com Halteres', 'https://raw.githubusercontent.com/yuhonas/free-exercise-db/main/exercises/Dumbbell_Squat_To_A_Bench/0.jpg', 'quadriceps', 'halteres'),
(249, 'Step Up com Halteres', 'https://raw.githubusercontent.com/yuhonas/free-exercise-db/main/exercises/Dumbbell_Step_Ups/0.jpg', 'quadriceps', 'halteres'),
(250, 'Extensão de Tríceps com Halteres - Pegada Pronada', 'https://raw.githubusercontent.com/yuhonas/free-exercise-db/main/exercises/Dumbbell_Tricep_Extension_-Pronated_Grip/0.jpg', 'triceps', 'halteres'),
(251, 'Alongamento Dinâmico das Costas', 'https://raw.githubusercontent.com/yuhonas/free-exercise-db/main/exercises/Dynamic_Back_Stretch/0.jpg', 'dorsais', NULL),
(252, 'Alongamento Dinâmico do Peito', 'https://raw.githubusercontent.com/yuhonas/free-exercise-db/main/exercises/Dynamic_Chest_Stretch/0.jpg', 'peito', NULL),
(253, 'Rosca com Barra W', 'https://raw.githubusercontent.com/yuhonas/free-exercise-db/main/exercises/EZ-Bar_Curl/0.jpg', 'biceps', 'barra-w'),
(254, 'Tríceps Testa com Barra W', 'https://raw.githubusercontent.com/yuhonas/free-exercise-db/main/exercises/EZ-Bar_Skullcrusher/0.jpg', 'triceps', 'barra-w'),
(255, 'Círculos com os Cotovelos', 'https://raw.githubusercontent.com/yuhonas/free-exercise-db/main/exercises/Elbow_Circles/0.jpg', 'ombros', NULL),
(256, 'Cotovelo no Joelho', 'https://raw.githubusercontent.com/yuhonas/free-exercise-db/main/exercises/Elbow_to_Knee/0.jpg', 'abdominais', 'peso-do-corpo'),
(257, 'Cotovelos para Trás', 'https://raw.githubusercontent.com/yuhonas/free-exercise-db/main/exercises/Elbows_Back/0.jpg', 'peito', NULL),
(258, 'Afundo Posterior Elevado', 'https://raw.githubusercontent.com/yuhonas/free-exercise-db/main/exercises/Elevated_Back_Lunge/0.jpg', 'quadriceps', 'barra'),
(259, 'Remada no Pulley com Elevação', 'https://raw.githubusercontent.com/yuhonas/free-exercise-db/main/exercises/Elevated_Cable_Rows/0.jpg', 'dorsais', 'cabo'),
(260, 'Elíptico', 'https://raw.githubusercontent.com/yuhonas/free-exercise-db/main/exercises/Elliptical_Trainer/0.jpg', 'quadriceps', 'maquina'),
(261, 'Abdominal na Bola Suíça', 'https://raw.githubusercontent.com/yuhonas/free-exercise-db/main/exercises/Exercise_Ball_Crunch/0.jpg', 'abdominais', 'bola-de-exercicio'),
(262, 'Flexão de Joelhos na Bola Suíça', 'https://raw.githubusercontent.com/yuhonas/free-exercise-db/main/exercises/Exercise_Ball_Pull-In/0.jpg', 'abdominais', 'bola-de-exercicio'),
(263, 'Pressão de Kettlebell no Chão com Amplitude Estendida Unilateral', 'https://raw.githubusercontent.com/yuhonas/free-exercise-db/main/exercises/Extended_Range_One-Arm_Kettlebell_Floor_Press/0.jpg', 'peito', 'kettlebell'),
(264, 'Rotação Externa com Halter', 'https://raw.githubusercontent.com/yuhonas/free-exercise-db/main/exercises/External_Rotation/0.jpg', 'ombros', 'halteres'),
(265, 'Rotação Externa com Banda', 'https://raw.githubusercontent.com/yuhonas/free-exercise-db/main/exercises/External_Rotation_with_Band/0.jpg', 'ombros', 'faixas'),
(266, 'Rotação Externa no Cable', 'https://raw.githubusercontent.com/yuhonas/free-exercise-db/main/exercises/External_Rotation_with_Cable/0.jpg', 'ombros', 'cabo'),
(267, 'Face Pull', 'https://raw.githubusercontent.com/yuhonas/free-exercise-db/main/exercises/Face_Pull/0.jpg', 'ombros', 'cabo'),
(268, 'Caminhada do Fazendeiro', 'https://raw.githubusercontent.com/yuhonas/free-exercise-db/main/exercises/Farmers_Walk/0.jpg', 'antebracos', 'outros'),
(269, 'Polichinelo Rápido', 'https://raw.githubusercontent.com/yuhonas/free-exercise-db/main/exercises/Fast_Skipping/0.jpg', 'quadriceps', 'peso-do-corpo'),
(270, 'Rosca de Dedos', 'https://raw.githubusercontent.com/yuhonas/free-exercise-db/main/exercises/Finger_Curls/0.jpg', 'antebracos', 'barra'),
(271, 'Crucifixo no Cabo com Banco Plano', 'https://raw.githubusercontent.com/yuhonas/free-exercise-db/main/exercises/Flat_Bench_Cable_Flyes/0.jpg', 'peito', 'cabo'),
(272, 'Puxada de Joelho no Banco Plano', 'https://raw.githubusercontent.com/yuhonas/free-exercise-db/main/exercises/Flat_Bench_Leg_Pull-In/0.jpg', 'abdominais', 'peso-do-corpo'),
(273, 'Elevação de Pernas no Banco Plano', 'https://raw.githubusercontent.com/yuhonas/free-exercise-db/main/exercises/Flat_Bench_Lying_Leg_Raise/0.jpg', 'abdominais', 'peso-do-corpo'),
(274, 'Rosca Scott com Halteres no Banco Inclinado', 'https://raw.githubusercontent.com/yuhonas/free-exercise-db/main/exercises/Flexor_Incline_Dumbbell_Curls/0.jpg', 'biceps', 'halteres'),
(275, 'Elevação Glúteo-Isquiostibial no Chão', 'https://raw.githubusercontent.com/yuhonas/free-exercise-db/main/exercises/Floor_Glute-Ham_Raise/0.jpg', 'isquiotibiais', NULL),
(276, 'Supino no Chão', 'https://raw.githubusercontent.com/yuhonas/free-exercise-db/main/exercises/Floor_Press/0.jpg', 'triceps', 'barra'),
(277, 'Supino no Chão com Correntes', 'https://raw.githubusercontent.com/yuhonas/free-exercise-db/main/exercises/Floor_Press_with_Chains/0.jpg', 'triceps', 'barra'),
(278, 'Chutes Alternados', 'https://raw.githubusercontent.com/yuhonas/free-exercise-db/main/exercises/Flutter_Kicks/0.jpg', 'gluteos', 'peso-do-corpo'),
(279, 'Liberação Miofascial do Pé', 'https://raw.githubusercontent.com/yuhonas/free-exercise-db/main/exercises/Foot-SMR/0.jpg', 'panturrilhas', 'outros'),
(280, 'Arrasto para Frente com Pressão', 'https://raw.githubusercontent.com/yuhonas/free-exercise-db/main/exercises/Forward_Drag_with_Press/0.jpg', 'peito', 'outros'),
(281, 'Agachamento Frankenstein', 'https://raw.githubusercontent.com/yuhonas/free-exercise-db/main/exercises/Frankenstein_Squat/0.jpg', 'quadriceps', 'barra'),
(282, 'Agachamento com Salto Livre', 'https://raw.githubusercontent.com/yuhonas/free-exercise-db/main/exercises/Freehand_Jump_Squat/0.jpg', 'quadriceps', 'peso-do-corpo'),
(283, 'Saltos de Sapo', 'https://raw.githubusercontent.com/yuhonas/free-exercise-db/main/exercises/Frog_Hops/0.jpg', 'quadriceps', NULL),
(284, 'Abdominais de Sapo', 'https://raw.githubusercontent.com/yuhonas/free-exercise-db/main/exercises/Frog_Sit-Ups/0.jpg', 'abdominais', 'peso-do-corpo'),
(285, 'Agachamento Frontal com Barra', 'https://raw.githubusercontent.com/yuhonas/free-exercise-db/main/exercises/Front_Barbell_Squat/0.jpg', 'quadriceps', 'barra'),
(286, 'Agachamento Frontal com Barra até um Banco', 'https://raw.githubusercontent.com/yuhonas/free-exercise-db/main/exercises/Front_Barbell_Squat_To_A_Bench/0.jpg', 'quadriceps', 'barra'),
(287, 'Salto na Caixa Frontal', 'https://raw.githubusercontent.com/yuhonas/free-exercise-db/main/exercises/Front_Box_Jump/0.jpg', 'isquiotibiais', 'outros'),
(288, 'Elevação Frontal no Pulley', 'https://raw.githubusercontent.com/yuhonas/free-exercise-db/main/exercises/Front_Cable_Raise/0.jpg', 'ombros', 'cabo'),
(289, 'Saltos Frontais sobre Cones (ou obstáculos)', 'https://raw.githubusercontent.com/yuhonas/free-exercise-db/main/exercises/Front_Cone_Hops_or_hurdle_hops/0.jpg', 'quadriceps', 'outros'),
(290, 'Elevação Frontal com Halteres', 'https://raw.githubusercontent.com/yuhonas/free-exercise-db/main/exercises/Front_Dumbbell_Raise/0.jpg', 'ombros', 'halteres'),
(291, 'Elevação Frontal com Halteres no Banco Inclinado', 'https://raw.githubusercontent.com/yuhonas/free-exercise-db/main/exercises/Front_Incline_Dumbbell_Raise/0.jpg', 'ombros', 'halteres'),
(292, 'Elevação de Perna Frontal', 'https://raw.githubusercontent.com/yuhonas/free-exercise-db/main/exercises/Front_Leg_Raises/0.jpg', 'isquiotibiais', 'peso-do-corpo'),
(293, 'Elevação Frontal com Anilha', 'https://raw.githubusercontent.com/yuhonas/free-exercise-db/main/exercises/Front_Plate_Raise/0.jpg', 'ombros', 'outros'),
(294, 'Elevação Frontal e Pullover', 'https://raw.githubusercontent.com/yuhonas/free-exercise-db/main/exercises/Front_Raise_And_Pullover/0.jpg', 'peito', 'barra'),
(295, 'Agachamento Frontal (Pegada de Arranco)', 'https://raw.githubusercontent.com/yuhonas/free-exercise-db/main/exercises/Front_Squat_Clean_Grip/0.jpg', 'quadriceps', 'barra'),
(296, 'Agachamento Frontal com Dois Kettlebells', 'https://raw.githubusercontent.com/yuhonas/free-exercise-db/main/exercises/Front_Squats_With_Two_Kettlebells/0.jpg', 'quadriceps', 'kettlebell'),
(297, 'Elevação Frontal com Dois Halteres', 'https://raw.githubusercontent.com/yuhonas/free-exercise-db/main/exercises/Front_Two-Dumbbell_Raise/0.jpg', 'ombros', 'halteres'),
(298, 'Pulldown com Amplitude Completa', 'https://raw.githubusercontent.com/yuhonas/free-exercise-db/main/exercises/Full_Range-Of-Motion_Lat_Pulldown/0.jpg', 'dorsais', 'cabo'),
(299, 'Barra Fixa no Esterno (Gironda)', 'https://raw.githubusercontent.com/yuhonas/free-exercise-db/main/exercises/Gironda_Sternum_Chins/0.jpg', 'dorsais', 'outros'),
(300, 'Glute-Ham Raise', 'https://raw.githubusercontent.com/yuhonas/free-exercise-db/main/exercises/Glute_Ham_Raise/0.jpg', 'isquiotibiais', 'maquina'),
(301, 'Coice de Glúteo', 'https://raw.githubusercontent.com/yuhonas/free-exercise-db/main/exercises/Glute_Kickback/0.jpg', 'gluteos', 'peso-do-corpo');
INSERT INTO `biblioteca_exercicios` (`id`, `nome_pt`, `imagem_url`, `musculo`, `equipamento`) VALUES
(302, 'Agachamento Goblet', 'https://raw.githubusercontent.com/yuhonas/free-exercise-db/main/exercises/Goblet_Squat/0.jpg', 'quadriceps', 'kettlebell'),
(303, 'Bom Dia', 'https://raw.githubusercontent.com/yuhonas/free-exercise-db/main/exercises/Good_Morning/0.jpg', 'isquiotibiais', 'barra'),
(304, 'Bom Dia a Partir dos Pinos', 'https://raw.githubusercontent.com/yuhonas/free-exercise-db/main/exercises/Good_Morning_off_Pins/0.jpg', 'isquiotibiais', 'barra'),
(305, 'Barra Fixa com Abdominal Gorila', 'https://raw.githubusercontent.com/yuhonas/free-exercise-db/main/exercises/Gorilla_Chin_Crunch/0.jpg', 'abdominais', 'peso-do-corpo'),
(306, 'Alongamento de Virilha e Costas', 'https://raw.githubusercontent.com/yuhonas/free-exercise-db/main/exercises/Groin_and_Back_Stretch/0.jpg', 'adutores', NULL),
(307, 'Groiners', 'https://raw.githubusercontent.com/yuhonas/free-exercise-db/main/exercises/Groiners/0.jpg', 'adutores', 'peso-do-corpo'),
(308, 'Agachamento Hack', 'https://raw.githubusercontent.com/yuhonas/free-exercise-db/main/exercises/Hack_Squat/0.jpg', 'quadriceps', 'maquina'),
(309, 'Rosca Martelo', 'https://raw.githubusercontent.com/yuhonas/free-exercise-db/main/exercises/Hammer_Curls/0.jpg', 'biceps', 'halteres'),
(310, 'Supino Inclinado com Halteres em Pegada Neutra', 'https://raw.githubusercontent.com/yuhonas/free-exercise-db/main/exercises/Hammer_Grip_Incline_DB_Bench_Press/0.jpg', 'peito', 'halteres'),
(311, 'Auto-Massagem de Isquiotibiais', 'https://raw.githubusercontent.com/yuhonas/free-exercise-db/main/exercises/Hamstring-SMR/0.jpg', 'isquiotibiais', 'rolo-de-espuma'),
(312, 'Alongamento de Isquiotibiais', 'https://raw.githubusercontent.com/yuhonas/free-exercise-db/main/exercises/Hamstring_Stretch/0.jpg', 'isquiotibiais', NULL),
(313, 'Flexões de Mão (Handstand Push-Ups)', 'https://raw.githubusercontent.com/yuhonas/free-exercise-db/main/exercises/Handstand_Push-Ups/0.jpg', 'ombros', 'peso-do-corpo'),
(314, 'Arranco Parado (Hang Clean)', 'https://raw.githubusercontent.com/yuhonas/free-exercise-db/main/exercises/Hang_Clean/0.jpg', 'quadriceps', 'barra'),
(315, 'Arranco Parado - Abaixo dos Joelhos', 'https://raw.githubusercontent.com/yuhonas/free-exercise-db/main/exercises/Hang_Clean_-_Below_the_Knees/0.jpg', 'quadriceps', 'barra'),
(316, 'Arremesso Parado (Hang Snatch)', 'https://raw.githubusercontent.com/yuhonas/free-exercise-db/main/exercises/Hang_Snatch/0.jpg', 'isquiotibiais', 'barra'),
(317, 'Arremesso Parado - Abaixo dos Joelhos', 'https://raw.githubusercontent.com/yuhonas/free-exercise-db/main/exercises/Hang_Snatch_-_Below_Knees/0.jpg', 'isquiotibiais', 'barra'),
(318, 'Bom Dia com Barra Suspensa', 'https://raw.githubusercontent.com/yuhonas/free-exercise-db/main/exercises/Hanging_Bar_Good_Morning/0.jpg', 'isquiotibiais', 'barra'),
(319, 'Elevação de Pernas na Barra', 'https://raw.githubusercontent.com/yuhonas/free-exercise-db/main/exercises/Hanging_Leg_Raise/0.jpg', 'abdominais', 'peso-do-corpo'),
(320, 'Pike Suspenso', 'https://raw.githubusercontent.com/yuhonas/free-exercise-db/main/exercises/Hanging_Pike/0.jpg', 'abdominais', 'peso-do-corpo'),
(321, 'Snatch Balance com Impulso', 'https://raw.githubusercontent.com/yuhonas/free-exercise-db/main/exercises/Heaving_Snatch_Balance/0.jpg', 'quadriceps', 'barra'),
(322, 'Empurrão no Saco Pesado', 'https://raw.githubusercontent.com/yuhonas/free-exercise-db/main/exercises/Heavy_Bag_Thrust/0.jpg', 'peito', 'outros'),
(323, 'Rosca com Cabos Altos', 'https://raw.githubusercontent.com/yuhonas/free-exercise-db/main/exercises/High_Cable_Curls/0.jpg', 'biceps', 'cabo'),
(324, 'Círculos de Quadril (de quatro)', 'https://raw.githubusercontent.com/yuhonas/free-exercise-db/main/exercises/Hip_Circles_prone/0.jpg', 'abdutores', 'peso-do-corpo'),
(325, 'Extensão de Quadril com Banda', 'https://raw.githubusercontent.com/yuhonas/free-exercise-db/main/exercises/Hip_Extension_with_Bands/0.jpg', 'gluteos', 'faixas'),
(326, 'Flexão de Quadril com Banda', 'https://raw.githubusercontent.com/yuhonas/free-exercise-db/main/exercises/Hip_Flexion_with_Band/0.jpg', 'quadriceps', 'faixas'),
(327, 'Elevação de Quadril com Banda', 'https://raw.githubusercontent.com/yuhonas/free-exercise-db/main/exercises/Hip_Lift_with_Band/0.jpg', 'gluteos', 'faixas'),
(328, 'Abraçar a Bola', 'https://raw.githubusercontent.com/yuhonas/free-exercise-db/main/exercises/Hug_A_Ball/0.jpg', 'inferior-das-costas', 'bola-de-exercicio'),
(329, 'Abraçar Joelhos no Peito', 'https://raw.githubusercontent.com/yuhonas/free-exercise-db/main/exercises/Hug_Knees_To_Chest/0.jpg', 'inferior-das-costas', NULL),
(330, 'Saltos sobre Barreiras', 'https://raw.githubusercontent.com/yuhonas/free-exercise-db/main/exercises/Hurdle_Hops/0.jpg', 'isquiotibiais', 'outros'),
(331, 'Hiperextensões (Extensões Lombares)', 'https://raw.githubusercontent.com/yuhonas/free-exercise-db/main/exercises/Hyperextensions_Back_Extensions/0.jpg', 'inferior-das-costas', 'outros'),
(332, 'Hiperextensões Sem Banco de Hiperextensão', 'https://raw.githubusercontent.com/yuhonas/free-exercise-db/main/exercises/Hyperextensions_With_No_Hyperextension_Bench/0.jpg', 'inferior-das-costas', 'peso-do-corpo'),
(333, 'Alongamento de Banda Iliotibial e Glúteo', 'https://raw.githubusercontent.com/yuhonas/free-exercise-db/main/exercises/IT_Band_and_Glute_Stretch/0.jpg', 'abdutores', 'outros'),
(334, 'Liberação Miofascial da Banda Iliotibial', 'https://raw.githubusercontent.com/yuhonas/free-exercise-db/main/exercises/Iliotibial_Tract-SMR/0.jpg', 'abdutores', 'rolo-de-espuma'),
(335, 'Lagarta', 'https://raw.githubusercontent.com/yuhonas/free-exercise-db/main/exercises/Inchworm/0.jpg', 'isquiotibiais', 'peso-do-corpo'),
(336, 'Extensão de Tríceps com Barra em Inclinação', 'https://raw.githubusercontent.com/yuhonas/free-exercise-db/main/exercises/Incline_Barbell_Triceps_Extension/0.jpg', 'triceps', 'barra'),
(337, 'Puxada em Banco Inclinado', 'https://raw.githubusercontent.com/yuhonas/free-exercise-db/main/exercises/Incline_Bench_Pull/0.jpg', 'meio-das-costas', 'barra'),
(338, 'Press no Peito com Cabos em Inclinação', 'https://raw.githubusercontent.com/yuhonas/free-exercise-db/main/exercises/Incline_Cable_Chest_Press/0.jpg', 'peito', 'cabo'),
(339, 'Fly com Cabos em Inclinação', 'https://raw.githubusercontent.com/yuhonas/free-exercise-db/main/exercises/Incline_Cable_Flye/0.jpg', 'peito', 'cabo'),
(340, 'Supino com Halteres em Inclinação e Palmas Voltadas para Dentro', 'https://raw.githubusercontent.com/yuhonas/free-exercise-db/main/exercises/Incline_Dumbbell_Bench_With_Palms_Facing_In/0.jpg', 'peito', 'halteres'),
(341, 'Rosca Inclinada com Halteres', 'https://raw.githubusercontent.com/yuhonas/free-exercise-db/main/exercises/Incline_Dumbbell_Curl/0.jpg', 'biceps', 'halteres'),
(342, 'Crucifixo Inclinado com Halteres', 'https://raw.githubusercontent.com/yuhonas/free-exercise-db/main/exercises/Incline_Dumbbell_Flyes/0.jpg', 'peito', 'halteres'),
(343, 'Crucifixo Inclinado com Halteres - Com Torção', 'https://raw.githubusercontent.com/yuhonas/free-exercise-db/main/exercises/Incline_Dumbbell_Flyes_-_With_A_Twist/0.jpg', 'peito', 'halteres'),
(344, 'Supino Inclinado com Halteres', 'https://raw.githubusercontent.com/yuhonas/free-exercise-db/main/exercises/Incline_Dumbbell_Press/0.jpg', 'peito', 'halteres'),
(345, 'Rosca Martelo Inclinada', 'https://raw.githubusercontent.com/yuhonas/free-exercise-db/main/exercises/Incline_Hammer_Curls/0.jpg', 'biceps', 'halteres'),
(346, 'Rosca Inclinada para Bíceps Interno', 'https://raw.githubusercontent.com/yuhonas/free-exercise-db/main/exercises/Incline_Inner_Biceps_Curl/0.jpg', 'biceps', 'halteres'),
(347, 'Flexão Inclinada', 'https://raw.githubusercontent.com/yuhonas/free-exercise-db/main/exercises/Incline_Push-Up/0.jpg', 'peito', 'peso-do-corpo'),
(348, 'Flexão Inclinada com Pegada Fechada', 'https://raw.githubusercontent.com/yuhonas/free-exercise-db/main/exercises/Incline_Push-Up_Close-Grip/0.jpg', 'triceps', 'peso-do-corpo'),
(349, 'Salto em Profundidade com Flexão Inclinada', 'https://raw.githubusercontent.com/yuhonas/free-exercise-db/main/exercises/Incline_Push-Up_Depth_Jump/0.jpg', 'peito', 'outros'),
(350, 'Flexão Inclinada com Pegada Média', 'https://raw.githubusercontent.com/yuhonas/free-exercise-db/main/exercises/Incline_Push-Up_Medium/0.jpg', 'peito', 'peso-do-corpo'),
(351, 'Flexão Inclinada com Pegada Invertida', 'https://raw.githubusercontent.com/yuhonas/free-exercise-db/main/exercises/Incline_Push-Up_Reverse_Grip/0.jpg', 'peito', 'peso-do-corpo'),
(352, 'Flexão Inclinada com Pegada Larga', 'https://raw.githubusercontent.com/yuhonas/free-exercise-db/main/exercises/Incline_Push-Up_Wide/0.jpg', 'peito', 'peso-do-corpo'),
(353, 'Alongamento Intermediário de Virilha', 'https://raw.githubusercontent.com/yuhonas/free-exercise-db/main/exercises/Intermediate_Groin_Stretch/0.jpg', 'isquiotibiais', 'outros'),
(354, 'Alongamento Intermediário de Flexores do Quadril e Quadríceps', 'https://raw.githubusercontent.com/yuhonas/free-exercise-db/main/exercises/Intermediate_Hip_Flexor_and_Quad_Stretch/0.jpg', 'quadriceps', 'outros'),
(355, 'Rotação Interna com Faixa', 'https://raw.githubusercontent.com/yuhonas/free-exercise-db/main/exercises/Internal_Rotation_with_Band/0.jpg', 'ombros', 'faixas'),
(356, 'Remada Invertida', 'https://raw.githubusercontent.com/yuhonas/free-exercise-db/main/exercises/Inverted_Row/0.jpg', 'meio-das-costas', NULL),
(357, 'Remada Invertida com Alças', 'https://raw.githubusercontent.com/yuhonas/free-exercise-db/main/exercises/Inverted_Row_with_Straps/0.jpg', 'meio-das-costas', 'outros'),
(358, 'Iron Cross', 'https://raw.githubusercontent.com/yuhonas/free-exercise-db/main/exercises/Iron_Cross/0.jpg', 'ombros', 'halteres'),
(359, 'Iron Crosses (alongamento)', 'https://raw.githubusercontent.com/yuhonas/free-exercise-db/main/exercises/Iron_Crosses_stretch/0.jpg', 'quadriceps', NULL),
(360, 'Compressões Isométricas do Peito', 'https://raw.githubusercontent.com/yuhonas/free-exercise-db/main/exercises/Isometric_Chest_Squeezes/0.jpg', 'peito', 'peso-do-corpo'),
(361, 'Exercício Isométrico de Pescoço - Frente e Costas', 'https://raw.githubusercontent.com/yuhonas/free-exercise-db/main/exercises/Isometric_Neck_Exercise_-_Front_And_Back/0.jpg', 'pescoco', 'peso-do-corpo'),
(362, 'Exercício Isométrico de Pescoço - Laterais', 'https://raw.githubusercontent.com/yuhonas/free-exercise-db/main/exercises/Isometric_Neck_Exercise_-_Sides/0.jpg', 'pescoco', 'peso-do-corpo'),
(363, 'Isométrico Limpador de Para-brisa', 'https://raw.githubusercontent.com/yuhonas/free-exercise-db/main/exercises/Isometric_Wipers/0.jpg', 'peito', 'peso-do-corpo'),
(364, 'JM Press', 'https://raw.githubusercontent.com/yuhonas/free-exercise-db/main/exercises/JM_Press/0.jpg', 'triceps', 'barra'),
(365, 'Abdominal Canivete', 'https://raw.githubusercontent.com/yuhonas/free-exercise-db/main/exercises/Jackknife_Sit-Up/0.jpg', 'abdominais', 'peso-do-corpo'),
(366, 'Abdominal Janda', 'https://raw.githubusercontent.com/yuhonas/free-exercise-db/main/exercises/Janda_Sit-Up/0.jpg', 'abdominais', 'peso-do-corpo'),
(367, 'Agachamento Jefferson', 'https://raw.githubusercontent.com/yuhonas/free-exercise-db/main/exercises/Jefferson_Squats/0.jpg', 'quadriceps', 'barra'),
(368, 'Balanceamento no Arranco', 'https://raw.githubusercontent.com/yuhonas/free-exercise-db/main/exercises/Jerk_Balance/0.jpg', 'ombros', 'barra'),
(369, 'Agachamento no Fundo do Arranco', 'https://raw.githubusercontent.com/yuhonas/free-exercise-db/main/exercises/Jerk_Dip_Squat/0.jpg', 'quadriceps', 'barra'),
(370, 'Corrida na Esteira', 'https://raw.githubusercontent.com/yuhonas/free-exercise-db/main/exercises/Jogging_Treadmill/0.jpg', 'quadriceps', 'maquina'),
(371, 'Carregamento de Barril', 'https://raw.githubusercontent.com/yuhonas/free-exercise-db/main/exercises/Keg_Load/0.jpg', 'inferior-das-costas', 'outros'),
(372, 'Press Arnold com Kettlebell', 'https://raw.githubusercontent.com/yuhonas/free-exercise-db/main/exercises/Kettlebell_Arnold_Press/0.jpg', 'ombros', 'kettlebell'),
(373, 'Clean Morto com Kettlebell', 'https://raw.githubusercontent.com/yuhonas/free-exercise-db/main/exercises/Kettlebell_Dead_Clean/0.jpg', 'isquiotibiais', 'kettlebell'),
(374, 'Figura 8 com Kettlebell', 'https://raw.githubusercontent.com/yuhonas/free-exercise-db/main/exercises/Kettlebell_Figure_8/0.jpg', 'abdominais', 'kettlebell'),
(375, 'Clean Suspenso com Kettlebell', 'https://raw.githubusercontent.com/yuhonas/free-exercise-db/main/exercises/Kettlebell_Hang_Clean/0.jpg', 'isquiotibiais', 'kettlebell'),
(376, 'Stiff-Legged com Kettlebell em Uma Perna', 'https://raw.githubusercontent.com/yuhonas/free-exercise-db/main/exercises/Kettlebell_One-Legged_Deadlift/0.jpg', 'isquiotibiais', 'kettlebell'),
(377, 'Passe com Kettlebell Entre as Pernas', 'https://raw.githubusercontent.com/yuhonas/free-exercise-db/main/exercises/Kettlebell_Pass_Between_The_Legs/0.jpg', 'abdominais', 'kettlebell'),
(378, 'Navios Piratas com Kettlebell', 'https://raw.githubusercontent.com/yuhonas/free-exercise-db/main/exercises/Kettlebell_Pirate_Ships/0.jpg', 'ombros', 'kettlebell'),
(379, 'Agachamento Pistol com Kettlebell', 'https://raw.githubusercontent.com/yuhonas/free-exercise-db/main/exercises/Kettlebell_Pistol_Squat/0.jpg', 'quadriceps', 'kettlebell'),
(380, 'Press Sentado com Kettlebell', 'https://raw.githubusercontent.com/yuhonas/free-exercise-db/main/exercises/Kettlebell_Seated_Press/0.jpg', 'ombros', 'kettlebell'),
(381, 'Press Alternado com Kettlebell', 'https://raw.githubusercontent.com/yuhonas/free-exercise-db/main/exercises/Kettlebell_Seesaw_Press/0.jpg', 'ombros', 'kettlebell'),
(382, 'Puxada Alta Sumô com Kettlebell', 'https://raw.githubusercontent.com/yuhonas/free-exercise-db/main/exercises/Kettlebell_Sumo_High_Pull/0.jpg', 'trapezio', 'kettlebell'),
(383, 'Thruster com Kettlebell', 'https://raw.githubusercontent.com/yuhonas/free-exercise-db/main/exercises/Kettlebell_Thruster/0.jpg', 'ombros', 'kettlebell'),
(384, 'Turkish Get-Up com Kettlebell (Estilo Afundo)', 'https://raw.githubusercontent.com/yuhonas/free-exercise-db/main/exercises/Kettlebell_Turkish_Get-Up_Lunge_style/0.jpg', 'ombros', 'kettlebell'),
(385, 'Turkish Get-Up com Kettlebell (Estilo Agachamento)', 'https://raw.githubusercontent.com/yuhonas/free-exercise-db/main/exercises/Kettlebell_Turkish_Get-Up_Squat_style/0.jpg', 'ombros', 'kettlebell'),
(386, 'Windmill com Kettlebell', 'https://raw.githubusercontent.com/yuhonas/free-exercise-db/main/exercises/Kettlebell_Windmill/0.jpg', 'abdominais', 'kettlebell'),
(387, 'Muscle Up com Kipping', 'https://raw.githubusercontent.com/yuhonas/free-exercise-db/main/exercises/Kipping_Muscle_Up/0.jpg', 'dorsais', 'outros'),
(388, 'Joelho Cruzado no Corpo', 'https://raw.githubusercontent.com/yuhonas/free-exercise-db/main/exercises/Knee_Across_The_Body/0.jpg', 'gluteos', NULL),
(389, 'Círculos com os Joelhos', 'https://raw.githubusercontent.com/yuhonas/free-exercise-db/main/exercises/Knee_Circles/0.jpg', 'panturrilhas', 'peso-do-corpo'),
(390, 'Elevação de Joelhos/Quadril nas Barras Paralelas', 'https://raw.githubusercontent.com/yuhonas/free-exercise-db/main/exercises/Knee_Hip_Raise_On_Parallel_Bars/0.jpg', 'abdominais', 'outros'),
(391, 'Salto com Joelhos ao Peito', 'https://raw.githubusercontent.com/yuhonas/free-exercise-db/main/exercises/Knee_Tuck_Jump/0.jpg', 'isquiotibiais', 'peso-do-corpo'),
(392, 'Drill de Braços Ajoelhado', 'https://raw.githubusercontent.com/yuhonas/free-exercise-db/main/exercises/Kneeling_Arm_Drill/0.jpg', 'ombros', NULL),
(393, 'Crunch com Cabo Ajoelhado e Torções Oblíquas Alternadas', 'https://raw.githubusercontent.com/yuhonas/free-exercise-db/main/exercises/Kneeling_Cable_Crunch_With_Alternating_Oblique_Twists/0.jpg', 'abdominais', 'cabo'),
(394, 'Extensão de Tríceps com Cabo Ajoelhado', 'https://raw.githubusercontent.com/yuhonas/free-exercise-db/main/exercises/Kneeling_Cable_Triceps_Extension/0.jpg', 'triceps', 'cabo'),
(395, 'Alongamento de Antebraço Ajoelhado', 'https://raw.githubusercontent.com/yuhonas/free-exercise-db/main/exercises/Kneeling_Forearm_Stretch/0.jpg', 'antebracos', NULL),
(396, 'Remada Alta com Polia Ajoelhado', 'https://raw.githubusercontent.com/yuhonas/free-exercise-db/main/exercises/Kneeling_High_Pulley_Row/0.jpg', 'dorsais', 'cabo'),
(397, 'Alongamento do Flexor do Quadril Ajoelhado', 'https://raw.githubusercontent.com/yuhonas/free-exercise-db/main/exercises/Kneeling_Hip_Flexor/0.jpg', 'quadriceps', NULL),
(398, 'Agachamento com Salto Ajoelhado', 'https://raw.githubusercontent.com/yuhonas/free-exercise-db/main/exercises/Kneeling_Jump_Squat/0.jpg', 'gluteos', 'barra'),
(399, 'Remada Alta Unilateral com Polia Ajoelhado', 'https://raw.githubusercontent.com/yuhonas/free-exercise-db/main/exercises/Kneeling_Single-Arm_High_Pulley_Row/0.jpg', 'dorsais', 'cabo'),
(400, 'Agachamento Ajoelhado', 'https://raw.githubusercontent.com/yuhonas/free-exercise-db/main/exercises/Kneeling_Squat/0.jpg', 'gluteos', 'barra'),
(401, 'Landmine 180\'s', 'https://raw.githubusercontent.com/yuhonas/free-exercise-db/main/exercises/Landmine_180s/0.jpg', 'abdominais', 'barra'),
(402, 'Landmine Linear Jammer', 'https://raw.githubusercontent.com/yuhonas/free-exercise-db/main/exercises/Landmine_Linear_Jammer/0.jpg', 'ombros', 'barra'),
(403, 'Salto Lateral', 'https://raw.githubusercontent.com/yuhonas/free-exercise-db/main/exercises/Lateral_Bound/0.jpg', 'adutores', 'peso-do-corpo'),
(404, 'Salto Lateral na Caixa', 'https://raw.githubusercontent.com/yuhonas/free-exercise-db/main/exercises/Lateral_Box_Jump/0.jpg', 'adutores', 'outros'),
(405, 'Saltos Laterais com Cones', 'https://raw.githubusercontent.com/yuhonas/free-exercise-db/main/exercises/Lateral_Cone_Hops/0.jpg', 'adutores', 'outros'),
(406, 'Elevação Lateral com Banda', 'https://raw.githubusercontent.com/yuhonas/free-exercise-db/main/exercises/Lateral_Raise_-_With_Bands/0.jpg', 'ombros', 'faixas'),
(407, 'Auto-Liberação Miofascial do Latíssimo do Dorso', 'https://raw.githubusercontent.com/yuhonas/free-exercise-db/main/exercises/Latissimus_Dorsi-SMR/0.jpg', 'dorsais', 'rolo-de-espuma'),
(408, 'Supino no Chão com Perna Cruzada', 'https://raw.githubusercontent.com/yuhonas/free-exercise-db/main/exercises/Leg-Over_Floor_Press/0.jpg', 'peito', 'kettlebell'),
(409, 'Alongamento de Isquiotibiais com Perna Elevada', 'https://raw.githubusercontent.com/yuhonas/free-exercise-db/main/exercises/Leg-Up_Hamstring_Stretch/0.jpg', 'isquiotibiais', NULL),
(410, 'Extensão de Pernas', 'https://raw.githubusercontent.com/yuhonas/free-exercise-db/main/exercises/Leg_Extensions/0.jpg', 'quadriceps', 'maquina'),
(411, 'Elevação de Perna', 'https://raw.githubusercontent.com/yuhonas/free-exercise-db/main/exercises/Leg_Lift/0.jpg', 'gluteos', 'peso-do-corpo'),
(412, 'Leg Press', 'https://raw.githubusercontent.com/yuhonas/free-exercise-db/main/exercises/Leg_Press/0.jpg', 'quadriceps', 'maquina'),
(413, 'Puxada de Pernas', 'https://raw.githubusercontent.com/yuhonas/free-exercise-db/main/exercises/Leg_Pull-In/0.jpg', 'abdominais', 'peso-do-corpo'),
(414, 'Supino na Máquina de Alavanca', 'https://raw.githubusercontent.com/yuhonas/free-exercise-db/main/exercises/Leverage_Chest_Press/0.jpg', 'peito', 'maquina'),
(415, 'Levantamento Terra na Máquina de Alavanca', 'https://raw.githubusercontent.com/yuhonas/free-exercise-db/main/exercises/Leverage_Deadlift/0.jpg', 'quadriceps', 'maquina'),
(416, 'Supino Declinado na Máquina de Alavanca', 'https://raw.githubusercontent.com/yuhonas/free-exercise-db/main/exercises/Leverage_Decline_Chest_Press/0.jpg', 'peito', 'maquina'),
(417, 'Remada Alta na Máquina de Alavanca', 'https://raw.githubusercontent.com/yuhonas/free-exercise-db/main/exercises/Leverage_High_Row/0.jpg', 'meio-das-costas', 'maquina'),
(418, 'Supino Inclinado na Máquina de Alavanca', 'https://raw.githubusercontent.com/yuhonas/free-exercise-db/main/exercises/Leverage_Incline_Chest_Press/0.jpg', 'peito', 'maquina'),
(419, 'Remada Isométrica na Máquina de Alavanca', 'https://raw.githubusercontent.com/yuhonas/free-exercise-db/main/exercises/Leverage_Iso_Row/0.jpg', 'dorsais', 'maquina'),
(420, 'Desenvolvimento de Ombros na Máquina de Alavanca', 'https://raw.githubusercontent.com/yuhonas/free-exercise-db/main/exercises/Leverage_Shoulder_Press/0.jpg', 'ombros', 'maquina'),
(421, 'Encolhimento com Alavanca', 'https://raw.githubusercontent.com/yuhonas/free-exercise-db/main/exercises/Leverage_Shrug/0.jpg', 'trapezio', 'maquina'),
(422, 'Técnica de Partida Linear em 3 Partes', 'https://raw.githubusercontent.com/yuhonas/free-exercise-db/main/exercises/Linear_3-Part_Start_Technique/0.jpg', 'isquiotibiais', NULL),
(423, 'Exercício de Aceleração Linear na Parede', 'https://raw.githubusercontent.com/yuhonas/free-exercise-db/main/exercises/Linear_Acceleration_Wall_Drill/0.jpg', 'isquiotibiais', NULL),
(424, 'Salto em Profundidade Linear', 'https://raw.githubusercontent.com/yuhonas/free-exercise-db/main/exercises/Linear_Depth_Jump/0.jpg', 'quadriceps', 'outros'),
(425, 'Levantamento de Tronco', 'https://raw.githubusercontent.com/yuhonas/free-exercise-db/main/exercises/Log_Lift/0.jpg', 'ombros', 'outros'),
(426, 'Pontes de Londres', 'https://raw.githubusercontent.com/yuhonas/free-exercise-db/main/exercises/London_Bridges/0.jpg', 'dorsais', 'outros'),
(427, 'Olhando para o Teto', 'https://raw.githubusercontent.com/yuhonas/free-exercise-db/main/exercises/Looking_At_Ceiling/0.jpg', 'quadriceps', NULL),
(428, 'Crossover na Polia Baixa', 'https://raw.githubusercontent.com/yuhonas/free-exercise-db/main/exercises/Low_Cable_Crossover/0.jpg', 'peito', 'cabo'),
(429, 'Extensão de Tríceps na Polia Baixa', 'https://raw.githubusercontent.com/yuhonas/free-exercise-db/main/exercises/Low_Cable_Triceps_Extension/0.jpg', 'triceps', 'cabo'),
(430, 'Remada na Polia Baixa para o Pescoço', 'https://raw.githubusercontent.com/yuhonas/free-exercise-db/main/exercises/Low_Pulley_Row_To_Neck/0.jpg', 'ombros', 'cabo'),
(431, 'Auto-Massagem para Lombar', 'https://raw.githubusercontent.com/yuhonas/free-exercise-db/main/exercises/Lower_Back-SMR/0.jpg', 'inferior-das-costas', 'rolo-de-espuma'),
(432, 'Curl para Lombar', 'https://raw.githubusercontent.com/yuhonas/free-exercise-db/main/exercises/Lower_Back_Curl/0.jpg', 'abdominais', 'peso-do-corpo'),
(433, 'Afundo com Passagem de Kettlebell', 'https://raw.githubusercontent.com/yuhonas/free-exercise-db/main/exercises/Lunge_Pass_Through/0.jpg', 'isquiotibiais', 'kettlebell'),
(434, 'Afundo Explosivo no Smith', 'https://raw.githubusercontent.com/yuhonas/free-exercise-db/main/exercises/Lunge_Sprint/0.jpg', 'quadriceps', 'maquina'),
(435, 'Alongamento de Virilha com Pernas Dobradas Deitado', 'https://raw.githubusercontent.com/yuhonas/free-exercise-db/main/exercises/Lying_Bent_Leg_Groin/0.jpg', 'adutores', 'outros'),
(436, 'Rosca com Cabo Deitado', 'https://raw.githubusercontent.com/yuhonas/free-exercise-db/main/exercises/Lying_Cable_Curl/0.jpg', 'biceps', 'cabo'),
(437, 'Remada com Barra Camberada Deitado', 'https://raw.githubusercontent.com/yuhonas/free-exercise-db/main/exercises/Lying_Cambered_Barbell_Row/0.jpg', 'meio-das-costas', 'barra'),
(438, 'Rosca com Barra em Pegada Fechada na Polia Alta Deitado', 'https://raw.githubusercontent.com/yuhonas/free-exercise-db/main/exercises/Lying_Close-Grip_Bar_Curl_On_High_Pulley/0.jpg', 'biceps', 'cabo'),
(439, 'Extensão de Tríceps com Barra em Pegada Fechada Atrás da Cabeça Deitado', 'https://raw.githubusercontent.com/yuhonas/free-exercise-db/main/exercises/Lying_Close-Grip_Barbell_Triceps_Extension_Behind_The_Head/0.jpg', 'triceps', 'barra'),
(440, 'Extensão de Tríceps com Barra em Pegada Fechada até o Queixo Deitado', 'https://raw.githubusercontent.com/yuhonas/free-exercise-db/main/exercises/Lying_Close-Grip_Barbell_Triceps_Press_To_Chin/0.jpg', 'triceps', 'barra-w'),
(441, 'Crossover Deitado', 'https://raw.githubusercontent.com/yuhonas/free-exercise-db/main/exercises/Lying_Crossover/0.jpg', 'abdutores', 'peso-do-corpo'),
(442, 'Extensão de Tríceps com Halteres Deitado', 'https://raw.githubusercontent.com/yuhonas/free-exercise-db/main/exercises/Lying_Dumbbell_Tricep_Extension/0.jpg', 'triceps', 'halteres'),
(443, 'Resistência de Pescoço com Anilha Deitado de Bruços', 'https://raw.githubusercontent.com/yuhonas/free-exercise-db/main/exercises/Lying_Face_Down_Plate_Neck_Resistance/0.jpg', 'pescoco', 'outros'),
(444, 'Resistência de Pescoço com Anilha Deitado de Costas', 'https://raw.githubusercontent.com/yuhonas/free-exercise-db/main/exercises/Lying_Face_Up_Plate_Neck_Resistance/0.jpg', 'pescoco', 'outros'),
(445, 'Alongamento de Glúteo Deitado', 'https://raw.githubusercontent.com/yuhonas/free-exercise-db/main/exercises/Lying_Glute/0.jpg', 'gluteos', 'peso-do-corpo'),
(446, 'Alongamento de Isquiotibiais Deitado', 'https://raw.githubusercontent.com/yuhonas/free-exercise-db/main/exercises/Lying_Hamstring/0.jpg', 'isquiotibiais', 'outros'),
(447, 'Rosca Scott com Barra Deitado', 'https://raw.githubusercontent.com/yuhonas/free-exercise-db/main/exercises/Lying_High_Bench_Barbell_Curl/0.jpg', 'biceps', 'barra'),
(448, 'Cadeira Flexora', 'https://raw.githubusercontent.com/yuhonas/free-exercise-db/main/exercises/Lying_Leg_Curls/0.jpg', 'isquiotibiais', 'maquina'),
(449, 'Agachamento na Máquina Deitado', 'https://raw.githubusercontent.com/yuhonas/free-exercise-db/main/exercises/Lying_Machine_Squat/0.jpg', 'quadriceps', 'maquina'),
(450, 'Elevação Lateral com Halter Deitado', 'https://raw.githubusercontent.com/yuhonas/free-exercise-db/main/exercises/Lying_One-Arm_Lateral_Raise/0.jpg', 'ombros', 'halteres'),
(451, 'Quadríceps Deitado Prono', 'https://raw.githubusercontent.com/yuhonas/free-exercise-db/main/exercises/Lying_Prone_Quadriceps/0.jpg', 'quadriceps', 'peso-do-corpo'),
(452, 'Elevação Posterior Deitado', 'https://raw.githubusercontent.com/yuhonas/free-exercise-db/main/exercises/Lying_Rear_Delt_Raise/0.jpg', 'ombros', 'halteres'),
(453, 'Rosca Scott Deitado com Halteres', 'https://raw.githubusercontent.com/yuhonas/free-exercise-db/main/exercises/Lying_Supine_Dumbbell_Curl/0.jpg', 'biceps', 'halteres'),
(454, 'Remada T-Bar Deitado', 'https://raw.githubusercontent.com/yuhonas/free-exercise-db/main/exercises/Lying_T-Bar_Row/0.jpg', 'meio-das-costas', 'maquina'),
(455, 'Tríceps Francês Deitado', 'https://raw.githubusercontent.com/yuhonas/free-exercise-db/main/exercises/Lying_Triceps_Press/0.jpg', 'triceps', 'barra-w'),
(456, 'Supino Máquina', 'https://raw.githubusercontent.com/yuhonas/free-exercise-db/main/exercises/Machine_Bench_Press/0.jpg', 'peito', 'maquina'),
(457, 'Rosca Direta Máquina', 'https://raw.githubusercontent.com/yuhonas/free-exercise-db/main/exercises/Machine_Bicep_Curl/0.jpg', 'biceps', 'maquina'),
(458, 'Rosca Scott Máquina', 'https://raw.githubusercontent.com/yuhonas/free-exercise-db/main/exercises/Machine_Preacher_Curls/0.jpg', 'biceps', 'maquina'),
(459, 'Desenvolvimento Militar Máquina', 'https://raw.githubusercontent.com/yuhonas/free-exercise-db/main/exercises/Machine_Shoulder_Military_Press/0.jpg', 'ombros', 'maquina'),
(460, 'Tríceps Pulley Máquina', 'https://raw.githubusercontent.com/yuhonas/free-exercise-db/main/exercises/Machine_Triceps_Extension/0.jpg', 'triceps', 'maquina'),
(461, 'Arremesso de Medicine Ball no Peito', 'https://raw.githubusercontent.com/yuhonas/free-exercise-db/main/exercises/Medicine_Ball_Chest_Pass/0.jpg', 'peito', 'bola-medicinal'),
(462, 'Torção Completa com Medicine Ball', 'https://raw.githubusercontent.com/yuhonas/free-exercise-db/main/exercises/Medicine_Ball_Full_Twist/0.jpg', 'abdominais', 'bola-medicinal'),
(463, 'Arremesso de Concha com Medicine Ball', 'https://raw.githubusercontent.com/yuhonas/free-exercise-db/main/exercises/Medicine_Ball_Scoop_Throw/0.jpg', 'ombros', 'bola-medicinal'),
(464, 'Encolhimento de Costas Médias', 'https://raw.githubusercontent.com/yuhonas/free-exercise-db/main/exercises/Middle_Back_Shrug/0.jpg', 'meio-das-costas', 'halteres'),
(465, 'Alongamento de Costas Médias', 'https://raw.githubusercontent.com/yuhonas/free-exercise-db/main/exercises/Middle_Back_Stretch/0.jpg', 'meio-das-costas', NULL),
(466, 'Barra Fixa com Pegada Mista', 'https://raw.githubusercontent.com/yuhonas/free-exercise-db/main/exercises/Mixed_Grip_Chin/0.jpg', 'meio-das-costas', 'outros'),
(467, 'Caminhada de Monstro', 'https://raw.githubusercontent.com/yuhonas/free-exercise-db/main/exercises/Monster_Walk/0.jpg', 'abdutores', 'faixas'),
(468, 'Escalador', 'https://raw.githubusercontent.com/yuhonas/free-exercise-db/main/exercises/Mountain_Climbers/0.jpg', 'quadriceps', NULL),
(469, 'Série de Movimentos de Corrida Dinâmica', 'https://raw.githubusercontent.com/yuhonas/free-exercise-db/main/exercises/Moving_Claw_Series/0.jpg', 'isquiotibiais', NULL),
(470, 'Arranco Muscular', 'https://raw.githubusercontent.com/yuhonas/free-exercise-db/main/exercises/Muscle_Snatch/0.jpg', 'isquiotibiais', 'barra'),
(471, 'Muscle Up', 'https://raw.githubusercontent.com/yuhonas/free-exercise-db/main/exercises/Muscle_Up/0.jpg', 'dorsais', 'outros'),
(472, 'Agachamento Hack com Postura Fechada', 'https://raw.githubusercontent.com/yuhonas/free-exercise-db/main/exercises/Narrow_Stance_Hack_Squats/0.jpg', 'quadriceps', 'maquina'),
(473, 'Leg Press com Postura Fechada', 'https://raw.githubusercontent.com/yuhonas/free-exercise-db/main/exercises/Narrow_Stance_Leg_Press/0.jpg', 'quadriceps', 'maquina'),
(474, 'Agachamento com Postura Fechada', 'https://raw.githubusercontent.com/yuhonas/free-exercise-db/main/exercises/Narrow_Stance_Squats/0.jpg', 'quadriceps', 'barra'),
(475, 'Elevação de Glúteos e Isquiotibiais Natural', 'https://raw.githubusercontent.com/yuhonas/free-exercise-db/main/exercises/Natural_Glute_Ham_Raise/0.jpg', 'isquiotibiais', 'peso-do-corpo'),
(476, 'Liberação Miofascial do Pescoço', 'https://raw.githubusercontent.com/yuhonas/free-exercise-db/main/exercises/Neck-SMR/0.jpg', 'pescoco', 'outros'),
(477, 'Press no Pescoço', 'https://raw.githubusercontent.com/yuhonas/free-exercise-db/main/exercises/Neck_Press/0.jpg', 'peito', 'barra'),
(478, 'Abdominais Oblíquos', 'https://raw.githubusercontent.com/yuhonas/free-exercise-db/main/exercises/Oblique_Crunches/0.jpg', 'abdominais', 'peso-do-corpo'),
(479, 'Abdominais Oblíquos no Chão', 'https://raw.githubusercontent.com/yuhonas/free-exercise-db/main/exercises/Oblique_Crunches_-_On_The_Floor/0.jpg', 'abdominais', 'peso-do-corpo'),
(480, 'Agachamento Olímpico', 'https://raw.githubusercontent.com/yuhonas/free-exercise-db/main/exercises/Olympic_Squat/0.jpg', 'quadriceps', 'barra'),
(481, 'Alongamento de Quadríceps de Costas', 'https://raw.githubusercontent.com/yuhonas/free-exercise-db/main/exercises/On-Your-Back_Quad_Stretch/0.jpg', 'quadriceps', 'outros'),
(482, 'Alongamento de Quadríceps de Lado', 'https://raw.githubusercontent.com/yuhonas/free-exercise-db/main/exercises/On_Your_Side_Quad_Stretch/0.jpg', 'quadriceps', NULL),
(483, 'Remada Unilateral com Halter', 'https://raw.githubusercontent.com/yuhonas/free-exercise-db/main/exercises/One-Arm_Dumbbell_Row/0.jpg', 'meio-das-costas', 'halteres'),
(484, 'Crucifixo Unilateral no Banco Plano com Halter', 'https://raw.githubusercontent.com/yuhonas/free-exercise-db/main/exercises/One-Arm_Flat_Bench_Dumbbell_Flye/0.jpg', 'peito', 'halteres'),
(485, 'Flexão Lateral com Cabo na Polia Alta Unilateral', 'https://raw.githubusercontent.com/yuhonas/free-exercise-db/main/exercises/One-Arm_High-Pulley_Cable_Side_Bends/0.jpg', 'abdominais', 'cabo'),
(486, 'Elevação Lateral Inclinada Unilateral', 'https://raw.githubusercontent.com/yuhonas/free-exercise-db/main/exercises/One-Arm_Incline_Lateral_Raise/0.jpg', 'ombros', 'halteres'),
(487, 'Clean Unilateral com Kettlebell', 'https://raw.githubusercontent.com/yuhonas/free-exercise-db/main/exercises/One-Arm_Kettlebell_Clean/0.jpg', 'isquiotibiais', 'kettlebell'),
(488, 'Clean and Jerk Unilateral com Kettlebell', 'https://raw.githubusercontent.com/yuhonas/free-exercise-db/main/exercises/One-Arm_Kettlebell_Clean_and_Jerk/0.jpg', 'ombros', 'kettlebell'),
(489, 'Supino no Chão Unilateral com Kettlebell', 'https://raw.githubusercontent.com/yuhonas/free-exercise-db/main/exercises/One-Arm_Kettlebell_Floor_Press/0.jpg', 'peito', 'kettlebell'),
(490, 'Jerk Unilateral com Kettlebell', 'https://raw.githubusercontent.com/yuhonas/free-exercise-db/main/exercises/One-Arm_Kettlebell_Jerk/0.jpg', 'ombros', 'kettlebell'),
(491, 'Desenvolvimento Militar com Kettlebell de Um Braço para o Lado', 'https://raw.githubusercontent.com/yuhonas/free-exercise-db/main/exercises/One-Arm_Kettlebell_Military_Press_To_The_Side/0.jpg', 'ombros', 'kettlebell'),
(492, 'Desenvolvimento Para com Kettlebell de Um Braço', 'https://raw.githubusercontent.com/yuhonas/free-exercise-db/main/exercises/One-Arm_Kettlebell_Para_Press/0.jpg', 'ombros', 'kettlebell'),
(493, 'Desenvolvimento com Impulso de Kettlebell de Um Braço', 'https://raw.githubusercontent.com/yuhonas/free-exercise-db/main/exercises/One-Arm_Kettlebell_Push_Press/0.jpg', 'ombros', 'kettlebell'),
(494, 'Remada com Kettlebell de Um Braço', 'https://raw.githubusercontent.com/yuhonas/free-exercise-db/main/exercises/One-Arm_Kettlebell_Row/0.jpg', 'meio-das-costas', 'kettlebell'),
(495, 'Arranco com Kettlebell de Um Braço', 'https://raw.githubusercontent.com/yuhonas/free-exercise-db/main/exercises/One-Arm_Kettlebell_Snatch/0.jpg', 'ombros', 'kettlebell'),
(496, 'Arremesso em Afundo com Kettlebell de Um Braço', 'https://raw.githubusercontent.com/yuhonas/free-exercise-db/main/exercises/One-Arm_Kettlebell_Split_Jerk/0.jpg', 'ombros', 'kettlebell'),
(497, 'Arranco em Afundo com Kettlebell de Um Braço', 'https://raw.githubusercontent.com/yuhonas/free-exercise-db/main/exercises/One-Arm_Kettlebell_Split_Snatch/0.jpg', 'ombros', 'kettlebell'),
(498, 'Balancê com Kettlebell de Um Braço', 'https://raw.githubusercontent.com/yuhonas/free-exercise-db/main/exercises/One-Arm_Kettlebell_Swings/0.jpg', 'isquiotibiais', 'kettlebell'),
(499, 'Remada com Barra Longa de Um Braço', 'https://raw.githubusercontent.com/yuhonas/free-exercise-db/main/exercises/One-Arm_Long_Bar_Row/0.jpg', 'meio-das-costas', 'barra'),
(500, 'Arremesso de Medicine Ball com Um Braço', 'https://raw.githubusercontent.com/yuhonas/free-exercise-db/main/exercises/One-Arm_Medicine_Ball_Slam/0.jpg', 'abdominais', 'bola-medicinal'),
(501, 'Kettlebell Clean com uma Mão e Palma Aberta', 'https://raw.githubusercontent.com/yuhonas/free-exercise-db/main/exercises/One-Arm_Open_Palm_Kettlebell_Clean/0.jpg', 'isquiotibiais', 'kettlebell'),
(502, 'Agachamento com Kettlebell Acima da Cabeça e uma Mão', 'https://raw.githubusercontent.com/yuhonas/free-exercise-db/main/exercises/One-Arm_Overhead_Kettlebell_Squats/0.jpg', 'quadriceps', 'kettlebell'),
(503, 'Levantamento Terra Lateral com uma Mão', 'https://raw.githubusercontent.com/yuhonas/free-exercise-db/main/exercises/One-Arm_Side_Deadlift/0.jpg', 'quadriceps', 'barra'),
(504, 'Elevação Lateral com uma Mão', 'https://raw.githubusercontent.com/yuhonas/free-exercise-db/main/exercises/One-Arm_Side_Laterals/0.jpg', 'ombros', 'halteres'),
(505, 'Coice com Cabo e uma Perna', 'https://raw.githubusercontent.com/yuhonas/free-exercise-db/main/exercises/One-Legged_Cable_Kickback/0.jpg', 'gluteos', 'cabo'),
(506, 'Um Braço Contra a Parede', 'https://raw.githubusercontent.com/yuhonas/free-exercise-db/main/exercises/One_Arm_Against_Wall/0.jpg', 'dorsais', NULL),
(507, 'Barra Fixa com uma Mão', 'https://raw.githubusercontent.com/yuhonas/free-exercise-db/main/exercises/One_Arm_Chin-Up/0.jpg', 'meio-das-costas', 'outros'),
(508, 'Supino com Halter e uma Mão', 'https://raw.githubusercontent.com/yuhonas/free-exercise-db/main/exercises/One_Arm_Dumbbell_Bench_Press/0.jpg', 'peito', 'halteres'),
(509, 'Rosca Scott com Halter e uma Mão', 'https://raw.githubusercontent.com/yuhonas/free-exercise-db/main/exercises/One_Arm_Dumbbell_Preacher_Curl/0.jpg', 'biceps', 'halteres'),
(510, 'Supino no Chão com uma Mão', 'https://raw.githubusercontent.com/yuhonas/free-exercise-db/main/exercises/One_Arm_Floor_Press/0.jpg', 'triceps', 'barra'),
(511, 'Pulldown Unilateral com Pegada Pronada', 'https://raw.githubusercontent.com/yuhonas/free-exercise-db/main/exercises/One_Arm_Lat_Pulldown/0.jpg', 'dorsais', 'cabo'),
(512, 'Extensão de Tríceps Unilateral com Halter em Pegada Pronada', 'https://raw.githubusercontent.com/yuhonas/free-exercise-db/main/exercises/One_Arm_Pronated_Dumbbell_Triceps_Extension/0.jpg', 'triceps', 'halteres'),
(513, 'Extensão de Tríceps Unilateral com Halter em Pegada Supinada', 'https://raw.githubusercontent.com/yuhonas/free-exercise-db/main/exercises/One_Arm_Supinated_Dumbbell_Triceps_Extension/0.jpg', 'triceps', 'halteres'),
(514, 'Meia-Locusta Unilateral', 'https://raw.githubusercontent.com/yuhonas/free-exercise-db/main/exercises/One_Half_Locust/0.jpg', 'quadriceps', NULL),
(515, 'Suspensão Unilateral', 'https://raw.githubusercontent.com/yuhonas/free-exercise-db/main/exercises/One_Handed_Hang/0.jpg', 'dorsais', 'outros'),
(516, 'Joelho ao Peito Unilateral', 'https://raw.githubusercontent.com/yuhonas/free-exercise-db/main/exercises/One_Knee_To_Chest/0.jpg', 'gluteos', NULL),
(517, 'Agachamento Unilateral com Barra', 'https://raw.githubusercontent.com/yuhonas/free-exercise-db/main/exercises/One_Leg_Barbell_Squat/0.jpg', 'quadriceps', 'barra'),
(518, 'Clean com Kettlebell e Palma Aberta', 'https://raw.githubusercontent.com/yuhonas/free-exercise-db/main/exercises/Open_Palm_Kettlebell_Clean/0.jpg', 'isquiotibiais', 'kettlebell'),
(519, 'Otis-Up', 'https://raw.githubusercontent.com/yuhonas/free-exercise-db/main/exercises/Otis-Up/0.jpg', 'abdominais', 'outros'),
(520, 'Rosca com Cabo por Cima', 'https://raw.githubusercontent.com/yuhonas/free-exercise-db/main/exercises/Overhead_Cable_Curl/0.jpg', 'biceps', 'cabo'),
(521, 'Alongamento de Lat com Braço Elevado', 'https://raw.githubusercontent.com/yuhonas/free-exercise-db/main/exercises/Overhead_Lat/0.jpg', 'dorsais', 'outros'),
(522, 'Arremesso de Medicine Ball por Cima da Cabeça', 'https://raw.githubusercontent.com/yuhonas/free-exercise-db/main/exercises/Overhead_Slam/0.jpg', 'dorsais', 'bola-medicinal'),
(523, 'Agachamento com Barra por Cima da Cabeça', 'https://raw.githubusercontent.com/yuhonas/free-exercise-db/main/exercises/Overhead_Squat/0.jpg', 'quadriceps', 'barra'),
(524, 'Alongamento por Cima da Cabeça', 'https://raw.githubusercontent.com/yuhonas/free-exercise-db/main/exercises/Overhead_Stretch/0.jpg', 'abdominais', NULL),
(525, 'Alongamento de Tríceps com Braço Elevado', 'https://raw.githubusercontent.com/yuhonas/free-exercise-db/main/exercises/Overhead_Triceps/0.jpg', 'triceps', 'peso-do-corpo'),
(526, 'Pallof Press', 'https://raw.githubusercontent.com/yuhonas/free-exercise-db/main/exercises/Pallof_Press/0.jpg', 'abdominais', 'cabo'),
(527, 'Pallof Press com Rotação', 'https://raw.githubusercontent.com/yuhonas/free-exercise-db/main/exercises/Pallof_Press_With_Rotation/0.jpg', 'abdominais', 'cabo'),
(528, 'Rosca de Punho com Halteres em Pronação sobre Banco', 'https://raw.githubusercontent.com/yuhonas/free-exercise-db/main/exercises/Palms-Down_Dumbbell_Wrist_Curl_Over_A_Bench/0.jpg', 'antebracos', 'halteres'),
(529, 'Rosca de Punho com Barra em Pronação sobre Banco', 'https://raw.githubusercontent.com/yuhonas/free-exercise-db/main/exercises/Palms-Down_Wrist_Curl_Over_A_Bench/0.jpg', 'antebracos', 'barra'),
(530, 'Rosca de Punho com Barra em Supinação sobre Banco', 'https://raw.githubusercontent.com/yuhonas/free-exercise-db/main/exercises/Palms-Up_Barbell_Wrist_Curl_Over_A_Bench/0.jpg', 'antebracos', 'barra'),
(531, 'Rosca de Punho com Halteres em Supinação sobre o Banco', 'https://raw.githubusercontent.com/yuhonas/free-exercise-db/main/exercises/Palms-Up_Dumbbell_Wrist_Curl_Over_A_Bench/0.jpg', 'antebracos', 'halteres'),
(532, 'Mergulho em Barras Paralelas', 'https://raw.githubusercontent.com/yuhonas/free-exercise-db/main/exercises/Parallel_Bar_Dip/0.jpg', 'triceps', 'outros'),
(533, 'Inclinação Pélvica para Ponte', 'https://raw.githubusercontent.com/yuhonas/free-exercise-db/main/exercises/Pelvic_Tilt_Into_Bridge/0.jpg', 'inferior-das-costas', NULL),
(534, 'Liberação Miofascial dos Fibulares', 'https://raw.githubusercontent.com/yuhonas/free-exercise-db/main/exercises/Peroneals-SMR/0.jpg', 'panturrilhas', 'rolo-de-espuma'),
(535, 'Alongamento dos Fibulares', 'https://raw.githubusercontent.com/yuhonas/free-exercise-db/main/exercises/Peroneals_Stretch/0.jpg', 'panturrilhas', 'outros'),
(536, 'Ponte de Quadril com Bola Suíça', 'https://raw.githubusercontent.com/yuhonas/free-exercise-db/main/exercises/Physioball_Hip_Bridge/0.jpg', 'gluteos', 'bola-de-exercicio'),
(537, 'Press com Pinos', 'https://raw.githubusercontent.com/yuhonas/free-exercise-db/main/exercises/Pin_Presses/0.jpg', 'triceps', 'barra'),
(538, 'Liberação Miofascial do Piriforme', 'https://raw.githubusercontent.com/yuhonas/free-exercise-db/main/exercises/Piriformis-SMR/0.jpg', 'gluteos', 'rolo-de-espuma'),
(539, 'Prancha', 'https://raw.githubusercontent.com/yuhonas/free-exercise-db/main/exercises/Plank/0.jpg', 'abdominais', 'peso-do-corpo'),
(540, 'Pinça com Anilhas', 'https://raw.githubusercontent.com/yuhonas/free-exercise-db/main/exercises/Plate_Pinch/0.jpg', 'antebracos', 'outros'),
(541, 'Giro com Peso', 'https://raw.githubusercontent.com/yuhonas/free-exercise-db/main/exercises/Plate_Twist/0.jpg', 'abdominais', 'outros'),
(542, 'Deslizamento de Isquiotibiais no Chão', 'https://raw.githubusercontent.com/yuhonas/free-exercise-db/main/exercises/Platform_Hamstring_Slides/0.jpg', 'isquiotibiais', 'outros'),
(543, 'Agachamento Sumô com Halter', 'https://raw.githubusercontent.com/yuhonas/free-exercise-db/main/exercises/Plie_Dumbbell_Squat/0.jpg', 'quadriceps', 'halteres'),
(544, 'Flexões Plyométricas com Kettlebell', 'https://raw.githubusercontent.com/yuhonas/free-exercise-db/main/exercises/Plyo_Kettlebell_Pushups/0.jpg', 'peito', 'kettlebell'),
(545, 'Flexão Plyométrica', 'https://raw.githubusercontent.com/yuhonas/free-exercise-db/main/exercises/Plyo_Push-up/0.jpg', 'peito', 'peso-do-corpo'),
(546, 'Alongamento do Tibial Posterior', 'https://raw.githubusercontent.com/yuhonas/free-exercise-db/main/exercises/Posterior_Tibialis_Stretch/0.jpg', 'panturrilhas', 'outros'),
(547, 'Arranco (Power Clean)', 'https://raw.githubusercontent.com/yuhonas/free-exercise-db/main/exercises/Power_Clean/0.jpg', 'isquiotibiais', 'barra'),
(548, 'Arranco a Partir de Blocos', 'https://raw.githubusercontent.com/yuhonas/free-exercise-db/main/exercises/Power_Clean_from_Blocks/0.jpg', 'isquiotibiais', 'barra'),
(549, 'Arremesso de Força (Power Jerk)', 'https://raw.githubusercontent.com/yuhonas/free-exercise-db/main/exercises/Power_Jerk/0.jpg', 'quadriceps', 'barra'),
(550, 'Elevações Laterais Parciais', 'https://raw.githubusercontent.com/yuhonas/free-exercise-db/main/exercises/Power_Partials/0.jpg', 'ombros', 'halteres'),
(551, 'Arranco de Força', 'https://raw.githubusercontent.com/yuhonas/free-exercise-db/main/exercises/Power_Snatch/0.jpg', 'isquiotibiais', 'barra'),
(552, 'Arranco de Força a Partir de Blocos', 'https://raw.githubusercontent.com/yuhonas/free-exercise-db/main/exercises/Power_Snatch_from_Blocks/0.jpg', 'quadriceps', 'barra'),
(553, 'Escada de Força', 'https://raw.githubusercontent.com/yuhonas/free-exercise-db/main/exercises/Power_Stairs/0.jpg', 'isquiotibiais', 'outros'),
(554, 'Rosca Scott', 'https://raw.githubusercontent.com/yuhonas/free-exercise-db/main/exercises/Preacher_Curl/0.jpg', 'biceps', 'barra'),
(555, 'Rosca Martelo no Banco Scott', 'https://raw.githubusercontent.com/yuhonas/free-exercise-db/main/exercises/Preacher_Hammer_Dumbbell_Curl/0.jpg', 'biceps', 'halteres'),
(556, 'Abdominal com Desenvolvimento', 'https://raw.githubusercontent.com/yuhonas/free-exercise-db/main/exercises/Press_Sit-Up/0.jpg', 'abdominais', 'barra'),
(557, 'Flexão de Joelho em Decúbito Ventral com Resistência Manual', 'https://raw.githubusercontent.com/yuhonas/free-exercise-db/main/exercises/Prone_Manual_Hamstring/0.jpg', 'isquiotibiais', NULL),
(558, 'Corrida com Prowler', 'https://raw.githubusercontent.com/yuhonas/free-exercise-db/main/exercises/Prowler_Sprint/0.jpg', 'isquiotibiais', 'outros'),
(559, 'Pull Through', 'https://raw.githubusercontent.com/yuhonas/free-exercise-db/main/exercises/Pull_Through/0.jpg', 'gluteos', 'cabo'),
(560, 'Barra Fixa', 'https://raw.githubusercontent.com/yuhonas/free-exercise-db/main/exercises/Pullups/0.jpg', 'dorsais', 'peso-do-corpo'),
(561, 'Flexão com Apoio Ampla', 'https://raw.githubusercontent.com/yuhonas/free-exercise-db/main/exercises/Push-Up_Wide/0.jpg', 'peito', 'peso-do-corpo'),
(562, 'Flexão com Apoio Fechada para Tríceps', 'https://raw.githubusercontent.com/yuhonas/free-exercise-db/main/exercises/Push-Ups_-_Close_Triceps_Position/0.jpg', 'triceps', 'peso-do-corpo'),
(563, 'Flexão com Pés Elevados', 'https://raw.githubusercontent.com/yuhonas/free-exercise-db/main/exercises/Push-Ups_With_Feet_Elevated/0.jpg', 'peito', 'peso-do-corpo'),
(564, 'Flexão com Pés em Bola de Exercício', 'https://raw.githubusercontent.com/yuhonas/free-exercise-db/main/exercises/Push-Ups_With_Feet_On_An_Exercise_Ball/0.jpg', 'peito', 'bola-de-exercicio'),
(565, 'Push Press', 'https://raw.githubusercontent.com/yuhonas/free-exercise-db/main/exercises/Push_Press/0.jpg', 'ombros', 'barra'),
(566, 'Push Press Atrás da Nuca', 'https://raw.githubusercontent.com/yuhonas/free-exercise-db/main/exercises/Push_Press_-_Behind_the_Neck/0.jpg', 'ombros', 'barra'),
(567, 'Flexão para Prancha Lateral', 'https://raw.githubusercontent.com/yuhonas/free-exercise-db/main/exercises/Push_Up_to_Side_Plank/0.jpg', 'peito', 'peso-do-corpo'),
(568, 'Flexões', 'https://raw.githubusercontent.com/yuhonas/free-exercise-db/main/exercises/Pushups/0.jpg', 'peito', 'peso-do-corpo'),
(569, 'Flexões (Posições de Mãos Fechada e Ampla)', 'https://raw.githubusercontent.com/yuhonas/free-exercise-db/main/exercises/Pushups_Close_and_Wide_Hand_Positions/0.jpg', 'peito', 'peso-do-corpo'),
(570, 'Pirâmide', 'https://raw.githubusercontent.com/yuhonas/free-exercise-db/main/exercises/Pyramid/0.jpg', 'inferior-das-costas', 'bola-de-exercicio'),
(571, 'Alongamento de Quadríceps', 'https://raw.githubusercontent.com/yuhonas/free-exercise-db/main/exercises/Quad_Stretch/0.jpg', 'quadriceps', 'outros'),
(572, 'Liberação Miofascial do Quadríceps', 'https://raw.githubusercontent.com/yuhonas/free-exercise-db/main/exercises/Quadriceps-SMR/0.jpg', 'quadriceps', 'rolo-de-espuma'),
(573, 'Salto Rápido', 'https://raw.githubusercontent.com/yuhonas/free-exercise-db/main/exercises/Quick_Leap/0.jpg', 'quadriceps', 'outros'),
(574, 'Entrega no Suporte', 'https://raw.githubusercontent.com/yuhonas/free-exercise-db/main/exercises/Rack_Delivery/0.jpg', 'ombros', 'barra'),
(575, 'Puxada no Suporte com Faixas', 'https://raw.githubusercontent.com/yuhonas/free-exercise-db/main/exercises/Rack_Pull_with_Bands/0.jpg', 'inferior-das-costas', 'barra'),
(576, 'Puxadas no Suporte', 'https://raw.githubusercontent.com/yuhonas/free-exercise-db/main/exercises/Rack_Pulls/0.jpg', 'inferior-das-costas', 'barra'),
(577, 'Elevação de Perna Traseira', 'https://raw.githubusercontent.com/yuhonas/free-exercise-db/main/exercises/Rear_Leg_Raises/0.jpg', 'quadriceps', 'peso-do-corpo'),
(578, 'Bicicleta Recumbente', 'https://raw.githubusercontent.com/yuhonas/free-exercise-db/main/exercises/Recumbent_Bike/0.jpg', 'quadriceps', 'maquina'),
(579, 'Retorno de Arremesso da Posição', 'https://raw.githubusercontent.com/yuhonas/free-exercise-db/main/exercises/Return_Push_from_Stance/0.jpg', 'ombros', 'bola-medicinal'),
(580, 'Supino com Faixas Invertidas', 'https://raw.githubusercontent.com/yuhonas/free-exercise-db/main/exercises/Reverse_Band_Bench_Press/0.jpg', 'triceps', 'barra'),
(581, 'Agachamento na Caixa com Banda Reversa', 'https://raw.githubusercontent.com/yuhonas/free-exercise-db/main/exercises/Reverse_Band_Box_Squat/0.jpg', 'quadriceps', 'barra'),
(582, 'Levantamento Terra com Banda Reversa', 'https://raw.githubusercontent.com/yuhonas/free-exercise-db/main/exercises/Reverse_Band_Deadlift/0.jpg', 'inferior-das-costas', 'barra'),
(583, 'Agachamento de Potência com Banda Reversa', 'https://raw.githubusercontent.com/yuhonas/free-exercise-db/main/exercises/Reverse_Band_Power_Squat/0.jpg', 'quadriceps', 'barra'),
(584, 'Levantamento Terra Sumô com Banda Reversa', 'https://raw.githubusercontent.com/yuhonas/free-exercise-db/main/exercises/Reverse_Band_Sumo_Deadlift/0.jpg', 'isquiotibiais', 'barra'),
(585, 'Rosca Inversa com Barra', 'https://raw.githubusercontent.com/yuhonas/free-exercise-db/main/exercises/Reverse_Barbell_Curl/0.jpg', 'biceps', 'barra'),
(586, 'Rosca Scott Inversa com Barra', 'https://raw.githubusercontent.com/yuhonas/free-exercise-db/main/exercises/Reverse_Barbell_Preacher_Curls/0.jpg', 'biceps', 'barra-w'),
(587, 'Rosca Inversa no Cabo', 'https://raw.githubusercontent.com/yuhonas/free-exercise-db/main/exercises/Reverse_Cable_Curl/0.jpg', 'biceps', 'cabo'),
(588, 'Abdominal Inverso', 'https://raw.githubusercontent.com/yuhonas/free-exercise-db/main/exercises/Reverse_Crunch/0.jpg', 'abdominais', 'peso-do-corpo'),
(589, 'Crucifixo Inverso', 'https://raw.githubusercontent.com/yuhonas/free-exercise-db/main/exercises/Reverse_Flyes/0.jpg', 'ombros', 'halteres'),
(590, 'Crucifixo Inverso com Rotação Externa', 'https://raw.githubusercontent.com/yuhonas/free-exercise-db/main/exercises/Reverse_Flyes_With_External_Rotation/0.jpg', 'ombros', 'halteres'),
(591, 'Remada Invertida com Barra', 'https://raw.githubusercontent.com/yuhonas/free-exercise-db/main/exercises/Reverse_Grip_Bent-Over_Rows/0.jpg', 'meio-das-costas', 'barra'),
(592, 'Tríceps Pulley com Pegada Invertida', 'https://raw.githubusercontent.com/yuhonas/free-exercise-db/main/exercises/Reverse_Grip_Triceps_Pushdown/0.jpg', 'triceps', 'cabo'),
(593, 'Hiperextensão Reversa', 'https://raw.githubusercontent.com/yuhonas/free-exercise-db/main/exercises/Reverse_Hyperextension/0.jpg', 'isquiotibiais', 'maquina'),
(594, 'Crucifixo Invertido na Máquina', 'https://raw.githubusercontent.com/yuhonas/free-exercise-db/main/exercises/Reverse_Machine_Flyes/0.jpg', 'ombros', 'maquina'),
(595, 'Rosca Invertida com Anilha', 'https://raw.githubusercontent.com/yuhonas/free-exercise-db/main/exercises/Reverse_Plate_Curls/0.jpg', 'biceps', 'outros'),
(596, 'Supino Invertido para Tríceps', 'https://raw.githubusercontent.com/yuhonas/free-exercise-db/main/exercises/Reverse_Triceps_Bench_Press/0.jpg', 'triceps', 'barra');
INSERT INTO `biblioteca_exercicios` (`id`, `nome_pt`, `imagem_url`, `musculo`, `equipamento`) VALUES
(597, 'Liberação Miofascial para Romboides', 'https://raw.githubusercontent.com/yuhonas/free-exercise-db/main/exercises/Rhomboids-SMR/0.jpg', 'meio-das-costas', 'rolo-de-espuma'),
(598, 'Carregamento de Rickshaw', 'https://raw.githubusercontent.com/yuhonas/free-exercise-db/main/exercises/Rickshaw_Carry/0.jpg', 'antebracos', 'outros'),
(599, 'Levantamento Terra com Rickshaw', 'https://raw.githubusercontent.com/yuhonas/free-exercise-db/main/exercises/Rickshaw_Deadlift/0.jpg', 'quadriceps', 'outros'),
(600, 'Mergulho nas Argolas', 'https://raw.githubusercontent.com/yuhonas/free-exercise-db/main/exercises/Ring_Dips/0.jpg', 'triceps', 'outros'),
(601, 'Salto Foguete', 'https://raw.githubusercontent.com/yuhonas/free-exercise-db/main/exercises/Rocket_Jump/0.jpg', 'quadriceps', 'peso-do-corpo'),
(602, 'Elevação de Panturrilha em Pé com Balanço', 'https://raw.githubusercontent.com/yuhonas/free-exercise-db/main/exercises/Rocking_Standing_Calf_Raise/0.jpg', 'panturrilhas', 'barra'),
(603, 'Barra Fixa/Pulldown Rocky', 'https://raw.githubusercontent.com/yuhonas/free-exercise-db/main/exercises/Rocky_Pull-Ups_Pulldowns/0.jpg', 'dorsais', 'outros'),
(604, 'Levantamento Terra Romeno', 'https://raw.githubusercontent.com/yuhonas/free-exercise-db/main/exercises/Romanian_Deadlift/0.jpg', 'isquiotibiais', 'barra'),
(605, 'Levantamento Terra Romeno com Déficit', 'https://raw.githubusercontent.com/yuhonas/free-exercise-db/main/exercises/Romanian_Deadlift_from_Deficit/0.jpg', 'isquiotibiais', 'barra'),
(606, 'Escalada de Corda', 'https://raw.githubusercontent.com/yuhonas/free-exercise-db/main/exercises/Rope_Climb/0.jpg', 'dorsais', 'outros'),
(607, 'Abdominal com Corda no Pulley', 'https://raw.githubusercontent.com/yuhonas/free-exercise-db/main/exercises/Rope_Crunch/0.jpg', 'abdominais', 'cabo'),
(608, 'Pular Corda', 'https://raw.githubusercontent.com/yuhonas/free-exercise-db/main/exercises/Rope_Jumping/0.jpg', 'quadriceps', 'outros'),
(609, 'Pulldown com Corda e Braços Estendidos', 'https://raw.githubusercontent.com/yuhonas/free-exercise-db/main/exercises/Rope_Straight-Arm_Pulldown/0.jpg', 'dorsais', 'cabo'),
(610, 'Alongamento de Ombros Rotacional', 'https://raw.githubusercontent.com/yuhonas/free-exercise-db/main/exercises/Round_The_World_Shoulder_Stretch/0.jpg', 'ombros', 'outros'),
(611, 'Remo Ergométrico', 'https://raw.githubusercontent.com/yuhonas/free-exercise-db/main/exercises/Rowing_Stationary/0.jpg', 'quadriceps', 'maquina'),
(612, 'Alongamento de Corredor', 'https://raw.githubusercontent.com/yuhonas/free-exercise-db/main/exercises/Runners_Stretch/0.jpg', 'isquiotibiais', NULL),
(613, 'Corrida na Esteira', 'https://raw.githubusercontent.com/yuhonas/free-exercise-db/main/exercises/Running_Treadmill/0.jpg', 'quadriceps', 'maquina'),
(614, 'Twist Russo', 'https://raw.githubusercontent.com/yuhonas/free-exercise-db/main/exercises/Russian_Twist/0.jpg', 'abdominais', 'peso-do-corpo'),
(615, 'Carregamento de Saco de Areia', 'https://raw.githubusercontent.com/yuhonas/free-exercise-db/main/exercises/Sandbag_Load/0.jpg', 'quadriceps', 'outros'),
(616, 'Puxada Escapular', 'https://raw.githubusercontent.com/yuhonas/free-exercise-db/main/exercises/Scapular_Pull-Up/0.jpg', 'trapezio', NULL),
(617, 'Chute Tesoura', 'https://raw.githubusercontent.com/yuhonas/free-exercise-db/main/exercises/Scissor_Kick/0.jpg', 'abdominais', 'peso-do-corpo'),
(618, 'Salto Tesoura', 'https://raw.githubusercontent.com/yuhonas/free-exercise-db/main/exercises/Scissors_Jump/0.jpg', 'quadriceps', 'peso-do-corpo'),
(619, 'Flexão de Pernas Sentado com Banda', 'https://raw.githubusercontent.com/yuhonas/free-exercise-db/main/exercises/Seated_Band_Hamstring_Curl/0.jpg', 'isquiotibiais', 'outros'),
(620, 'Desenvolvimento Militar Sentado com Barra', 'https://raw.githubusercontent.com/yuhonas/free-exercise-db/main/exercises/Seated_Barbell_Military_Press/0.jpg', 'ombros', 'barra'),
(621, 'Torção com Barra Sentado', 'https://raw.githubusercontent.com/yuhonas/free-exercise-db/main/exercises/Seated_Barbell_Twist/0.jpg', 'abdominais', 'barra'),
(622, 'Extensão de Tríceps com Halter Sentado e Inclinado Unilateral', 'https://raw.githubusercontent.com/yuhonas/free-exercise-db/main/exercises/Seated_Bent-Over_One-Arm_Dumbbell_Triceps_Extension/0.jpg', 'triceps', 'halteres'),
(623, 'Elevação Posterior para Deltóides Sentado e Inclinado', 'https://raw.githubusercontent.com/yuhonas/free-exercise-db/main/exercises/Seated_Bent-Over_Rear_Delt_Raise/0.jpg', 'ombros', 'halteres'),
(624, 'Extensão de Tríceps com Halteres Sentado e Inclinado Bilateral', 'https://raw.githubusercontent.com/yuhonas/free-exercise-db/main/exercises/Seated_Bent-Over_Two-Arm_Dumbbell_Triceps_Extension/0.jpg', 'triceps', 'halteres'),
(625, 'Alongamento de Bíceps Sentado', 'https://raw.githubusercontent.com/yuhonas/free-exercise-db/main/exercises/Seated_Biceps/0.jpg', 'biceps', 'peso-do-corpo'),
(626, 'Remada Sentada no Pulley', 'https://raw.githubusercontent.com/yuhonas/free-exercise-db/main/exercises/Seated_Cable_Rows/0.jpg', 'meio-das-costas', 'cabo'),
(627, 'Desenvolvimento de Ombros no Pulley Sentado', 'https://raw.githubusercontent.com/yuhonas/free-exercise-db/main/exercises/Seated_Cable_Shoulder_Press/0.jpg', 'ombros', 'cabo'),
(628, 'Elevação de Panturrilha Sentada', 'https://raw.githubusercontent.com/yuhonas/free-exercise-db/main/exercises/Seated_Calf_Raise/0.jpg', 'panturrilhas', 'maquina'),
(629, 'Alongamento de Panturrilha Sentado', 'https://raw.githubusercontent.com/yuhonas/free-exercise-db/main/exercises/Seated_Calf_Stretch/0.jpg', 'panturrilhas', NULL),
(630, 'Rosca Concentrada com Barra em Pegada Fechada Sentado', 'https://raw.githubusercontent.com/yuhonas/free-exercise-db/main/exercises/Seated_Close-Grip_Concentration_Barbell_Curl/0.jpg', 'biceps', 'barra'),
(631, 'Rosca Scott com Halter Sentado', 'https://raw.githubusercontent.com/yuhonas/free-exercise-db/main/exercises/Seated_Dumbbell_Curl/0.jpg', 'biceps', 'halteres'),
(632, 'Rosca Martelo com Halter Sentado', 'https://raw.githubusercontent.com/yuhonas/free-exercise-db/main/exercises/Seated_Dumbbell_Inner_Biceps_Curl/0.jpg', 'biceps', 'halteres'),
(633, 'Flexão de Punho com Halter Sentado (Palmas para Baixo)', 'https://raw.githubusercontent.com/yuhonas/free-exercise-db/main/exercises/Seated_Dumbbell_Palms-Down_Wrist_Curl/0.jpg', 'antebracos', 'halteres'),
(634, 'Flexão de Punho com Halter Sentado (Palmas para Cima)', 'https://raw.githubusercontent.com/yuhonas/free-exercise-db/main/exercises/Seated_Dumbbell_Palms-Up_Wrist_Curl/0.jpg', 'antebracos', 'halteres'),
(635, 'Desenvolvimento com Halter Sentado', 'https://raw.githubusercontent.com/yuhonas/free-exercise-db/main/exercises/Seated_Dumbbell_Press/0.jpg', 'ombros', 'halteres'),
(636, 'Abdominal no Banco Sentado', 'https://raw.githubusercontent.com/yuhonas/free-exercise-db/main/exercises/Seated_Flat_Bench_Leg_Pull-In/0.jpg', 'abdominais', 'peso-do-corpo'),
(637, 'Alongamento de Isquiotibiais Sentado no Chão', 'https://raw.githubusercontent.com/yuhonas/free-exercise-db/main/exercises/Seated_Floor_Hamstring_Stretch/0.jpg', 'isquiotibiais', NULL),
(638, 'Alongamento de Deltóide Anterior Sentado', 'https://raw.githubusercontent.com/yuhonas/free-exercise-db/main/exercises/Seated_Front_Deltoid/0.jpg', 'ombros', 'peso-do-corpo'),
(639, 'Alongamento de Glúteo Sentado', 'https://raw.githubusercontent.com/yuhonas/free-exercise-db/main/exercises/Seated_Glute/0.jpg', 'gluteos', 'peso-do-corpo'),
(640, 'Bom Dia Sentado', 'https://raw.githubusercontent.com/yuhonas/free-exercise-db/main/exercises/Seated_Good_Mornings/0.jpg', 'inferior-das-costas', 'barra'),
(641, 'Alongamento de Isquiotibiais Sentado', 'https://raw.githubusercontent.com/yuhonas/free-exercise-db/main/exercises/Seated_Hamstring/0.jpg', 'isquiotibiais', NULL),
(642, 'Alongamento de Isquiotibiais e Panturrilha Sentado', 'https://raw.githubusercontent.com/yuhonas/free-exercise-db/main/exercises/Seated_Hamstring_and_Calf_Stretch/0.jpg', 'isquiotibiais', 'outros'),
(643, 'Resistência de Pescoço com Cinta Sentado', 'https://raw.githubusercontent.com/yuhonas/free-exercise-db/main/exercises/Seated_Head_Harness_Neck_Resistance/0.jpg', 'pescoco', 'outros'),
(644, 'Cadeira Flexora Sentada', 'https://raw.githubusercontent.com/yuhonas/free-exercise-db/main/exercises/Seated_Leg_Curl/0.jpg', 'isquiotibiais', 'maquina'),
(645, 'Abdominal Sentado com Flexão de Joelhos', 'https://raw.githubusercontent.com/yuhonas/free-exercise-db/main/exercises/Seated_Leg_Tucks/0.jpg', 'abdominais', 'peso-do-corpo'),
(646, 'Flexão de Punho com Halter Sentado, Palma para Baixo', 'https://raw.githubusercontent.com/yuhonas/free-exercise-db/main/exercises/Seated_One-Arm_Dumbbell_Palms-Down_Wrist_Curl/0.jpg', 'antebracos', 'halteres'),
(647, 'Flexão de Punho com Halter Sentado, Palma para Cima', 'https://raw.githubusercontent.com/yuhonas/free-exercise-db/main/exercises/Seated_One-Arm_Dumbbell_Palms-Up_Wrist_Curl/0.jpg', 'antebracos', 'halteres'),
(648, 'Remada Unilateral no Pulley Sentado', 'https://raw.githubusercontent.com/yuhonas/free-exercise-db/main/exercises/Seated_One-arm_Cable_Pulley_Rows/0.jpg', 'meio-das-costas', 'cabo'),
(649, 'Alongamento Sentado com Braço sobre a Cabeça', 'https://raw.githubusercontent.com/yuhonas/free-exercise-db/main/exercises/Seated_Overhead_Stretch/0.jpg', 'abdominais', NULL),
(650, 'Flexão de Punho com Barra Sentado, Palma para Cima', 'https://raw.githubusercontent.com/yuhonas/free-exercise-db/main/exercises/Seated_Palm-Up_Barbell_Wrist_Curl/0.jpg', 'antebracos', 'barra'),
(651, 'Rosca de Punho com Barra Sentado e Palmas para Baixo', 'https://raw.githubusercontent.com/yuhonas/free-exercise-db/main/exercises/Seated_Palms-Down_Barbell_Wrist_Curl/0.jpg', 'antebracos', 'barra'),
(652, 'Elevação Lateral Sentado', 'https://raw.githubusercontent.com/yuhonas/free-exercise-db/main/exercises/Seated_Side_Lateral_Raise/0.jpg', 'ombros', 'halteres'),
(653, 'Tríceps Francês Sentado', 'https://raw.githubusercontent.com/yuhonas/free-exercise-db/main/exercises/Seated_Triceps_Press/0.jpg', 'triceps', 'halteres'),
(654, 'Rosca de Punho com Polia Baixa Sentado e Duas Mãos com Palmas para Cima', 'https://raw.githubusercontent.com/yuhonas/free-exercise-db/main/exercises/Seated_Two-Arm_Palms-Up_Low-Pulley_Wrist_Curl/0.jpg', 'antebracos', 'cabo'),
(655, 'Press Alternado em Gangorra', 'https://raw.githubusercontent.com/yuhonas/free-exercise-db/main/exercises/See-Saw_Press_Alternating_Side_Press/0.jpg', 'ombros', 'halteres'),
(656, 'Remada Shotgun', 'https://raw.githubusercontent.com/yuhonas/free-exercise-db/main/exercises/Shotgun_Row/0.jpg', 'dorsais', 'cabo'),
(657, 'Círculos com os Ombros', 'https://raw.githubusercontent.com/yuhonas/free-exercise-db/main/exercises/Shoulder_Circles/0.jpg', 'ombros', NULL),
(658, 'Press de Ombros com Faixas Elásticas', 'https://raw.githubusercontent.com/yuhonas/free-exercise-db/main/exercises/Shoulder_Press_-_With_Bands/0.jpg', 'ombros', 'faixas'),
(659, 'Elevação de Ombros', 'https://raw.githubusercontent.com/yuhonas/free-exercise-db/main/exercises/Shoulder_Raise/0.jpg', 'ombros', NULL),
(660, 'Alongamento de Ombros', 'https://raw.githubusercontent.com/yuhonas/free-exercise-db/main/exercises/Shoulder_Stretch/0.jpg', 'ombros', NULL),
(661, 'Alongamento Lateral no Chão', 'https://raw.githubusercontent.com/yuhonas/free-exercise-db/main/exercises/Side-Lying_Floor_Stretch/0.jpg', 'dorsais', NULL),
(662, 'Prancha Lateral', 'https://raw.githubusercontent.com/yuhonas/free-exercise-db/main/exercises/Side_Bridge/0.jpg', 'abdominais', 'peso-do-corpo'),
(663, 'Salto Lateral com Sprint', 'https://raw.githubusercontent.com/yuhonas/free-exercise-db/main/exercises/Side_Hop-Sprint/0.jpg', 'quadriceps', 'outros'),
(664, 'Abdominal Lateral (Jackknife)', 'https://raw.githubusercontent.com/yuhonas/free-exercise-db/main/exercises/Side_Jackknife/0.jpg', 'abdominais', 'peso-do-corpo'),
(665, 'Elevação Lateral', 'https://raw.githubusercontent.com/yuhonas/free-exercise-db/main/exercises/Side_Lateral_Raise/0.jpg', 'ombros', 'halteres'),
(666, 'Elevação Lateral para Frontal', 'https://raw.githubusercontent.com/yuhonas/free-exercise-db/main/exercises/Side_Laterals_to_Front_Raise/0.jpg', 'ombros', 'halteres'),
(667, 'Elevação Lateral de Perna', 'https://raw.githubusercontent.com/yuhonas/free-exercise-db/main/exercises/Side_Leg_Raises/0.jpg', 'adutores', 'peso-do-corpo'),
(668, 'Alongamento de Virilha em Decúbito Lateral', 'https://raw.githubusercontent.com/yuhonas/free-exercise-db/main/exercises/Side_Lying_Groin_Stretch/0.jpg', 'adutores', NULL),
(669, 'Alongamento Lateral do Pescoço', 'https://raw.githubusercontent.com/yuhonas/free-exercise-db/main/exercises/Side_Neck_Stretch/0.jpg', 'pescoco', NULL),
(670, 'Salto em Distância Lateral', 'https://raw.githubusercontent.com/yuhonas/free-exercise-db/main/exercises/Side_Standing_Long_Jump/0.jpg', 'quadriceps', NULL),
(671, 'Barra Fixa Lateral', 'https://raw.githubusercontent.com/yuhonas/free-exercise-db/main/exercises/Side_To_Side_Chins/0.jpg', 'dorsais', 'outros'),
(672, 'Puxada Lateral de Pulso', 'https://raw.githubusercontent.com/yuhonas/free-exercise-db/main/exercises/Side_Wrist_Pull/0.jpg', 'ombros', NULL),
(673, 'Shuffle Lateral na Caixa', 'https://raw.githubusercontent.com/yuhonas/free-exercise-db/main/exercises/Side_to_Side_Box_Shuffle/0.jpg', 'quadriceps', 'outros'),
(674, 'Crossover com Cabo Unilateral', 'https://raw.githubusercontent.com/yuhonas/free-exercise-db/main/exercises/Single-Arm_Cable_Crossover/0.jpg', 'peito', 'cabo'),
(675, 'Levantamento com Barra em Landmine Unilateral', 'https://raw.githubusercontent.com/yuhonas/free-exercise-db/main/exercises/Single-Arm_Linear_Jammer/0.jpg', 'ombros', 'barra'),
(676, 'Flexão Unilateral', 'https://raw.githubusercontent.com/yuhonas/free-exercise-db/main/exercises/Single-Arm_Push-Up/0.jpg', 'peito', 'peso-do-corpo'),
(677, 'Drill de Sprint com Cone Único', 'https://raw.githubusercontent.com/yuhonas/free-exercise-db/main/exercises/Single-Cone_Sprint_Drill/0.jpg', 'quadriceps', 'outros'),
(678, 'Agachamento em Caixa Alta Unilateral', 'https://raw.githubusercontent.com/yuhonas/free-exercise-db/main/exercises/Single-Leg_High_Box_Squat/0.jpg', 'quadriceps', 'outros'),
(679, 'Progressão de Salto Unilateral', 'https://raw.githubusercontent.com/yuhonas/free-exercise-db/main/exercises/Single-Leg_Hop_Progression/0.jpg', 'quadriceps', 'outros'),
(680, 'Salto Lateral Unilateral', 'https://raw.githubusercontent.com/yuhonas/free-exercise-db/main/exercises/Single-Leg_Lateral_Hop/0.jpg', 'quadriceps', 'outros'),
(681, 'Extensão de Pernas Unilateral', 'https://raw.githubusercontent.com/yuhonas/free-exercise-db/main/exercises/Single-Leg_Leg_Extension/0.jpg', 'quadriceps', 'maquina'),
(682, 'Salto com Passada Unilateral', 'https://raw.githubusercontent.com/yuhonas/free-exercise-db/main/exercises/Single-Leg_Stride_Jump/0.jpg', 'quadriceps', 'outros'),
(683, 'Elevação com Halter Único', 'https://raw.githubusercontent.com/yuhonas/free-exercise-db/main/exercises/Single_Dumbbell_Raise/0.jpg', 'ombros', 'halteres'),
(684, 'Chute no Glúteo Unilateral', 'https://raw.githubusercontent.com/yuhonas/free-exercise-db/main/exercises/Single_Leg_Butt_Kick/0.jpg', 'quadriceps', 'peso-do-corpo'),
(685, 'Ponte de Glúteo Unilateral', 'https://raw.githubusercontent.com/yuhonas/free-exercise-db/main/exercises/Single_Leg_Glute_Bridge/0.jpg', 'gluteos', 'peso-do-corpo'),
(686, 'Impulso Unilateral', 'https://raw.githubusercontent.com/yuhonas/free-exercise-db/main/exercises/Single_Leg_Push-off/0.jpg', 'quadriceps', 'outros'),
(687, 'Abdominal', 'https://raw.githubusercontent.com/yuhonas/free-exercise-db/main/exercises/Sit-Up/0.jpg', 'abdominais', 'peso-do-corpo'),
(688, 'Agachamentos Parciais', 'https://raw.githubusercontent.com/yuhonas/free-exercise-db/main/exercises/Sit_Squats/0.jpg', 'quadriceps', NULL),
(689, 'Patinação', 'https://raw.githubusercontent.com/yuhonas/free-exercise-db/main/exercises/Skating/0.jpg', 'quadriceps', 'outros'),
(690, 'Arrasto de Trenó com Arnês', 'https://raw.githubusercontent.com/yuhonas/free-exercise-db/main/exercises/Sled_Drag_-_Harness/0.jpg', 'quadriceps', 'outros'),
(691, 'Caminhada para Trás com Halter por Cima', 'https://raw.githubusercontent.com/yuhonas/free-exercise-db/main/exercises/Sled_Overhead_Backward_Walk/0.jpg', 'ombros', 'outros'),
(692, 'Extensão de Tríceps por Cima com Trenó', 'https://raw.githubusercontent.com/yuhonas/free-exercise-db/main/exercises/Sled_Overhead_Triceps_Extension/0.jpg', 'triceps', 'outros'),
(693, 'Empurrão de Trenó', 'https://raw.githubusercontent.com/yuhonas/free-exercise-db/main/exercises/Sled_Push/0.jpg', 'quadriceps', 'outros'),
(694, 'Crucifixo Invertido com Trenó', 'https://raw.githubusercontent.com/yuhonas/free-exercise-db/main/exercises/Sled_Reverse_Flye/0.jpg', 'ombros', 'outros'),
(695, 'Remada com Trenó', 'https://raw.githubusercontent.com/yuhonas/free-exercise-db/main/exercises/Sled_Row/0.jpg', 'meio-das-costas', 'outros'),
(696, 'Golpes de Marreta', 'https://raw.githubusercontent.com/yuhonas/free-exercise-db/main/exercises/Sledgehammer_Swings/0.jpg', 'abdominais', 'outros'),
(697, 'Elevação de Ombros no Smith em Banco Inclinado', 'https://raw.githubusercontent.com/yuhonas/free-exercise-db/main/exercises/Smith_Incline_Shoulder_Raise/0.jpg', 'ombros', 'barra'),
(698, 'Encolhimento de Ombros Atrás das Costas no Smith', 'https://raw.githubusercontent.com/yuhonas/free-exercise-db/main/exercises/Smith_Machine_Behind_the_Back_Shrug/0.jpg', 'trapezio', 'maquina'),
(699, 'Supino no Smith Machine', 'https://raw.githubusercontent.com/yuhonas/free-exercise-db/main/exercises/Smith_Machine_Bench_Press/0.jpg', 'peito', 'maquina'),
(700, 'Remada Curvada no Smith Machine', 'https://raw.githubusercontent.com/yuhonas/free-exercise-db/main/exercises/Smith_Machine_Bent_Over_Row/0.jpg', 'meio-das-costas', 'maquina'),
(701, 'Elevação de Panturrilha no Smith Machine', 'https://raw.githubusercontent.com/yuhonas/free-exercise-db/main/exercises/Smith_Machine_Calf_Raise/0.jpg', 'panturrilhas', 'maquina'),
(702, 'Supino Fechado no Smith Machine', 'https://raw.githubusercontent.com/yuhonas/free-exercise-db/main/exercises/Smith_Machine_Close-Grip_Bench_Press/0.jpg', 'triceps', 'maquina'),
(703, 'Supino Declinado no Smith Machine', 'https://raw.githubusercontent.com/yuhonas/free-exercise-db/main/exercises/Smith_Machine_Decline_Press/0.jpg', 'peito', 'maquina'),
(704, 'Power Clean a Partir do Joelho no Smith Machine', 'https://raw.githubusercontent.com/yuhonas/free-exercise-db/main/exercises/Smith_Machine_Hang_Power_Clean/0.jpg', 'isquiotibiais', 'maquina'),
(705, 'Elevação de Quadril no Smith Machine', 'https://raw.githubusercontent.com/yuhonas/free-exercise-db/main/exercises/Smith_Machine_Hip_Raise/0.jpg', 'abdominais', 'maquina'),
(706, 'Supino Inclinado no Smith Machine', 'https://raw.githubusercontent.com/yuhonas/free-exercise-db/main/exercises/Smith_Machine_Incline_Bench_Press/0.jpg', 'peito', 'maquina'),
(707, 'Leg Press no Smith Machine', 'https://raw.githubusercontent.com/yuhonas/free-exercise-db/main/exercises/Smith_Machine_Leg_Press/0.jpg', 'quadriceps', 'maquina'),
(708, 'Remada Alta Unilateral no Smith Machine', 'https://raw.githubusercontent.com/yuhonas/free-exercise-db/main/exercises/Smith_Machine_One-Arm_Upright_Row/0.jpg', 'ombros', 'maquina'),
(709, 'Desenvolvimento Militar no Smith Machine', 'https://raw.githubusercontent.com/yuhonas/free-exercise-db/main/exercises/Smith_Machine_Overhead_Shoulder_Press/0.jpg', 'ombros', 'maquina'),
(710, 'Agachamento Pistol no Smith Machine', 'https://raw.githubusercontent.com/yuhonas/free-exercise-db/main/exercises/Smith_Machine_Pistol_Squat/0.jpg', 'quadriceps', 'maquina'),
(711, 'Elevação de Panturrilha Invertida no Smith', 'https://raw.githubusercontent.com/yuhonas/free-exercise-db/main/exercises/Smith_Machine_Reverse_Calf_Raises/0.jpg', 'panturrilhas', 'maquina'),
(712, 'Agachamento no Smith', 'https://raw.githubusercontent.com/yuhonas/free-exercise-db/main/exercises/Smith_Machine_Squat/0.jpg', 'quadriceps', 'maquina'),
(713, 'Stiff-Legged Deadlift no Smith', 'https://raw.githubusercontent.com/yuhonas/free-exercise-db/main/exercises/Smith_Machine_Stiff-Legged_Deadlift/0.jpg', 'isquiotibiais', 'maquina'),
(714, 'Remada Alta no Smith', 'https://raw.githubusercontent.com/yuhonas/free-exercise-db/main/exercises/Smith_Machine_Upright_Row/0.jpg', 'trapezio', 'maquina'),
(715, 'Agachamento Búlgaro no Smith', 'https://raw.githubusercontent.com/yuhonas/free-exercise-db/main/exercises/Smith_Single-Leg_Split_Squat/0.jpg', 'quadriceps', 'maquina'),
(716, 'Arranco (Snatch)', 'https://raw.githubusercontent.com/yuhonas/free-exercise-db/main/exercises/Snatch/0.jpg', 'quadriceps', 'barra'),
(717, 'Snatch Balance', 'https://raw.githubusercontent.com/yuhonas/free-exercise-db/main/exercises/Snatch_Balance/0.jpg', 'quadriceps', 'barra'),
(718, 'Deadlift de Arranco', 'https://raw.githubusercontent.com/yuhonas/free-exercise-db/main/exercises/Snatch_Deadlift/0.jpg', 'isquiotibiais', 'barra'),
(719, 'Puxada de Arranco', 'https://raw.githubusercontent.com/yuhonas/free-exercise-db/main/exercises/Snatch_Pull/0.jpg', 'isquiotibiais', 'barra'),
(720, 'Encolhimento de Arranco', 'https://raw.githubusercontent.com/yuhonas/free-exercise-db/main/exercises/Snatch_Shrug/0.jpg', 'trapezio', 'barra'),
(721, 'Arranco a Partir de Blocos', 'https://raw.githubusercontent.com/yuhonas/free-exercise-db/main/exercises/Snatch_from_Blocks/0.jpg', 'quadriceps', 'barra'),
(722, 'Tríceps Overhead com Banda de Velocidade', 'https://raw.githubusercontent.com/yuhonas/free-exercise-db/main/exercises/Speed_Band_Overhead_Triceps/0.jpg', 'triceps', 'faixas'),
(723, 'Agachamento em Caixa de Velocidade', 'https://raw.githubusercontent.com/yuhonas/free-exercise-db/main/exercises/Speed_Box_Squat/0.jpg', 'quadriceps', 'barra'),
(724, 'Agachamentos de Velocidade', 'https://raw.githubusercontent.com/yuhonas/free-exercise-db/main/exercises/Speed_Squats/0.jpg', 'quadriceps', 'barra'),
(725, 'Lançador de Feitiço', 'https://raw.githubusercontent.com/yuhonas/free-exercise-db/main/exercises/Spell_Caster/0.jpg', 'abdominais', 'halteres'),
(726, 'Rastejamento de Aranha', 'https://raw.githubusercontent.com/yuhonas/free-exercise-db/main/exercises/Spider_Crawl/0.jpg', 'abdominais', 'peso-do-corpo'),
(727, 'Rosca Spider', 'https://raw.githubusercontent.com/yuhonas/free-exercise-db/main/exercises/Spider_Curl/0.jpg', 'biceps', 'barra-w'),
(728, 'Alongamento da Coluna', 'https://raw.githubusercontent.com/yuhonas/free-exercise-db/main/exercises/Spinal_Stretch/0.jpg', 'meio-das-costas', NULL),
(729, 'Arremesso com Divisão de Pernas', 'https://raw.githubusercontent.com/yuhonas/free-exercise-db/main/exercises/Split_Clean/0.jpg', 'quadriceps', 'barra'),
(730, 'Arremesso com Divisão', 'https://raw.githubusercontent.com/yuhonas/free-exercise-db/main/exercises/Split_Jerk/0.jpg', 'quadriceps', 'barra'),
(731, 'Salto em Afundo', 'https://raw.githubusercontent.com/yuhonas/free-exercise-db/main/exercises/Split_Jump/0.jpg', 'quadriceps', 'peso-do-corpo'),
(732, 'Arranco em Afundo', 'https://raw.githubusercontent.com/yuhonas/free-exercise-db/main/exercises/Split_Snatch/0.jpg', 'isquiotibiais', 'barra'),
(733, 'Afundo com Halteres', 'https://raw.githubusercontent.com/yuhonas/free-exercise-db/main/exercises/Split_Squat_with_Dumbbells/0.jpg', 'quadriceps', 'halteres'),
(734, 'Afundos com Salto', 'https://raw.githubusercontent.com/yuhonas/free-exercise-db/main/exercises/Split_Squats/0.jpg', 'isquiotibiais', NULL),
(735, 'Arremesso em Agachamento', 'https://raw.githubusercontent.com/yuhonas/free-exercise-db/main/exercises/Squat_Jerk/0.jpg', 'quadriceps', 'barra'),
(736, 'Agachamento com Elásticos', 'https://raw.githubusercontent.com/yuhonas/free-exercise-db/main/exercises/Squat_with_Bands/0.jpg', 'quadriceps', 'barra'),
(737, 'Agachamento com Correntes', 'https://raw.githubusercontent.com/yuhonas/free-exercise-db/main/exercises/Squat_with_Chains/0.jpg', 'quadriceps', 'barra'),
(738, 'Agachamento com Deslocamento de Anilhas', 'https://raw.githubusercontent.com/yuhonas/free-exercise-db/main/exercises/Squat_with_Plate_Movers/0.jpg', 'quadriceps', 'barra'),
(739, 'Agachamentos com Elásticos', 'https://raw.githubusercontent.com/yuhonas/free-exercise-db/main/exercises/Squats_-_With_Bands/0.jpg', 'quadriceps', 'faixas'),
(740, 'Escada Ergométrica', 'https://raw.githubusercontent.com/yuhonas/free-exercise-db/main/exercises/Stairmaster/0.jpg', 'quadriceps', 'maquina'),
(741, 'Desenvolvimento Alternado com Halteres em Pé', 'https://raw.githubusercontent.com/yuhonas/free-exercise-db/main/exercises/Standing_Alternating_Dumbbell_Press/0.jpg', 'ombros', 'halteres'),
(742, 'Elevação de Panturrilha com Barra em Pé', 'https://raw.githubusercontent.com/yuhonas/free-exercise-db/main/exercises/Standing_Barbell_Calf_Raise/0.jpg', 'panturrilhas', 'barra'),
(743, 'Desenvolvimento com Barra Atrás do Pescoço em Pé', 'https://raw.githubusercontent.com/yuhonas/free-exercise-db/main/exercises/Standing_Barbell_Press_Behind_Neck/0.jpg', 'ombros', 'barra'),
(744, 'Extensão de Tríceps com Halter em Pé, Inclinado e Unilateral', 'https://raw.githubusercontent.com/yuhonas/free-exercise-db/main/exercises/Standing_Bent-Over_One-Arm_Dumbbell_Triceps_Extension/0.jpg', 'triceps', 'halteres'),
(745, 'Extensão de Tríceps com Halteres em Pé, Inclinado e Bilateral', 'https://raw.githubusercontent.com/yuhonas/free-exercise-db/main/exercises/Standing_Bent-Over_Two-Arm_Dumbbell_Triceps_Extension/0.jpg', 'triceps', 'halteres'),
(746, 'Rosca Direta com Barra na Polia em Pé', 'https://raw.githubusercontent.com/yuhonas/free-exercise-db/main/exercises/Standing_Biceps_Cable_Curl/0.jpg', 'biceps', 'cabo'),
(747, 'Alongamento de Bíceps em Pé', 'https://raw.githubusercontent.com/yuhonas/free-exercise-db/main/exercises/Standing_Biceps_Stretch/0.jpg', 'biceps', 'outros'),
(748, 'Press Bradford em Pé', 'https://raw.githubusercontent.com/yuhonas/free-exercise-db/main/exercises/Standing_Bradford_Press/0.jpg', 'ombros', 'barra'),
(749, 'Press de Peito com Cabos em Pé', 'https://raw.githubusercontent.com/yuhonas/free-exercise-db/main/exercises/Standing_Cable_Chest_Press/0.jpg', 'peito', 'cabo'),
(750, 'Elevação com Cabo em Pé', 'https://raw.githubusercontent.com/yuhonas/free-exercise-db/main/exercises/Standing_Cable_Lift/0.jpg', 'abdominais', 'cabo'),
(751, 'Rotação com Cabo em Pé', 'https://raw.githubusercontent.com/yuhonas/free-exercise-db/main/exercises/Standing_Cable_Wood_Chop/0.jpg', 'abdominais', 'cabo'),
(752, 'Elevação de Panturrilha em Pé', 'https://raw.githubusercontent.com/yuhonas/free-exercise-db/main/exercises/Standing_Calf_Raises/0.jpg', 'panturrilhas', 'maquina'),
(753, 'Rosca Concentrada em Pé', 'https://raw.githubusercontent.com/yuhonas/free-exercise-db/main/exercises/Standing_Concentration_Curl/0.jpg', 'biceps', 'halteres'),
(754, 'Elevação de Panturrilha com Halteres em Pé', 'https://raw.githubusercontent.com/yuhonas/free-exercise-db/main/exercises/Standing_Dumbbell_Calf_Raise/0.jpg', 'panturrilhas', 'halteres'),
(755, 'Desenvolvimento com Halteres em Pé', 'https://raw.githubusercontent.com/yuhonas/free-exercise-db/main/exercises/Standing_Dumbbell_Press/0.jpg', 'ombros', 'halteres'),
(756, 'Rosca Inversa com Halteres em Pé', 'https://raw.githubusercontent.com/yuhonas/free-exercise-db/main/exercises/Standing_Dumbbell_Reverse_Curl/0.jpg', 'biceps', 'halteres'),
(757, 'Elevação Frontal com Halteres em Pé', 'https://raw.githubusercontent.com/yuhonas/free-exercise-db/main/exercises/Standing_Dumbbell_Straight-Arm_Front_Delt_Raise_Above_Head/0.jpg', 'ombros', 'halteres'),
(758, 'Extensão de Tríceps com Halteres em Pé', 'https://raw.githubusercontent.com/yuhonas/free-exercise-db/main/exercises/Standing_Dumbbell_Triceps_Extension/0.jpg', 'triceps', 'halteres'),
(759, 'Remada Alta com Halteres em Pé', 'https://raw.githubusercontent.com/yuhonas/free-exercise-db/main/exercises/Standing_Dumbbell_Upright_Row/0.jpg', 'trapezio', 'halteres'),
(760, 'Alongamento de Quadríceps Elevado em Pé', 'https://raw.githubusercontent.com/yuhonas/free-exercise-db/main/exercises/Standing_Elevated_Quad_Stretch/0.jpg', 'quadriceps', 'outros'),
(761, 'Elevação Frontal com Barra em Pé', 'https://raw.githubusercontent.com/yuhonas/free-exercise-db/main/exercises/Standing_Front_Barbell_Raise_Over_Head/0.jpg', 'ombros', 'barra'),
(762, 'Alongamento de Panturrilha Gastrocnêmio em Pé', 'https://raw.githubusercontent.com/yuhonas/free-exercise-db/main/exercises/Standing_Gastrocnemius_Calf_Stretch/0.jpg', 'panturrilhas', NULL),
(763, 'Alongamento de Posterior de Coxa e Panturrilha em Pé', 'https://raw.githubusercontent.com/yuhonas/free-exercise-db/main/exercises/Standing_Hamstring_and_Calf_Stretch/0.jpg', 'isquiotibiais', 'outros'),
(764, 'Círculos de Quadril em Pé', 'https://raw.githubusercontent.com/yuhonas/free-exercise-db/main/exercises/Standing_Hip_Circles/0.jpg', 'abdutores', 'peso-do-corpo'),
(765, 'Alongamento de Flexores do Quadril em Pé', 'https://raw.githubusercontent.com/yuhonas/free-exercise-db/main/exercises/Standing_Hip_Flexors/0.jpg', 'quadriceps', NULL),
(766, 'Rosca Martelo em Pé', 'https://raw.githubusercontent.com/yuhonas/free-exercise-db/main/exercises/Standing_Inner-Biceps_Curl/0.jpg', 'biceps', 'halteres'),
(767, 'Alongamento Lateral em Pé', 'https://raw.githubusercontent.com/yuhonas/free-exercise-db/main/exercises/Standing_Lateral_Stretch/0.jpg', 'abdominais', NULL),
(768, 'Flexão de Pernas em Pé', 'https://raw.githubusercontent.com/yuhonas/free-exercise-db/main/exercises/Standing_Leg_Curl/0.jpg', 'isquiotibiais', 'maquina'),
(769, 'Salto em Distância em Pé', 'https://raw.githubusercontent.com/yuhonas/free-exercise-db/main/exercises/Standing_Long_Jump/0.jpg', 'quadriceps', 'peso-do-corpo'),
(770, 'Elevação Lateral com Polia Baixa em Pé', 'https://raw.githubusercontent.com/yuhonas/free-exercise-db/main/exercises/Standing_Low-Pulley_Deltoid_Raise/0.jpg', 'ombros', 'cabo'),
(771, 'Tríceps Pulley Baixo Unilateral em Pé', 'https://raw.githubusercontent.com/yuhonas/free-exercise-db/main/exercises/Standing_Low-Pulley_One-Arm_Triceps_Extension/0.jpg', 'triceps', 'cabo'),
(772, 'Desenvolvimento Militar em Pé', 'https://raw.githubusercontent.com/yuhonas/free-exercise-db/main/exercises/Standing_Military_Press/0.jpg', 'ombros', 'barra'),
(773, 'Aperto de Mão com Anilha Olímpica em Pé', 'https://raw.githubusercontent.com/yuhonas/free-exercise-db/main/exercises/Standing_Olympic_Plate_Hand_Squeeze/0.jpg', 'antebracos', 'outros'),
(774, 'Rosca com Cabo Unilateral em Pé', 'https://raw.githubusercontent.com/yuhonas/free-exercise-db/main/exercises/Standing_One-Arm_Cable_Curl/0.jpg', 'biceps', 'cabo'),
(775, 'Rosca Scott com Halter Unilateral em Pé', 'https://raw.githubusercontent.com/yuhonas/free-exercise-db/main/exercises/Standing_One-Arm_Dumbbell_Curl_Over_Incline_Bench/0.jpg', 'biceps', 'halteres'),
(776, 'Tríceps Francês com Halter Unilateral em Pé', 'https://raw.githubusercontent.com/yuhonas/free-exercise-db/main/exercises/Standing_One-Arm_Dumbbell_Triceps_Extension/0.jpg', 'triceps', 'halteres'),
(777, 'Tríceps Francês com Barra em Pé', 'https://raw.githubusercontent.com/yuhonas/free-exercise-db/main/exercises/Standing_Overhead_Barbell_Triceps_Extension/0.jpg', 'triceps', 'barra'),
(778, 'Desenvolvimento com Halter Unilateral e Pegada Neutra em Pé', 'https://raw.githubusercontent.com/yuhonas/free-exercise-db/main/exercises/Standing_Palm-In_One-Arm_Dumbbell_Press/0.jpg', 'ombros', 'halteres'),
(779, 'Desenvolvimento com Halteres e Pegada Neutra em Pé', 'https://raw.githubusercontent.com/yuhonas/free-exercise-db/main/exercises/Standing_Palms-In_Dumbbell_Press/0.jpg', 'ombros', 'halteres'),
(780, 'Flexão de Punho com Barra Atrás das Costas em Pé', 'https://raw.githubusercontent.com/yuhonas/free-exercise-db/main/exercises/Standing_Palms-Up_Barbell_Behind_The_Back_Wrist_Curl/0.jpg', 'antebracos', 'barra'),
(781, 'Inclinação Pélvica em Pé', 'https://raw.githubusercontent.com/yuhonas/free-exercise-db/main/exercises/Standing_Pelvic_Tilt/0.jpg', 'inferior-das-costas', NULL),
(782, 'Crunch com Corda em Pé', 'https://raw.githubusercontent.com/yuhonas/free-exercise-db/main/exercises/Standing_Rope_Crunch/0.jpg', 'abdominais', 'cabo'),
(783, 'Alongamento de Sóleo e Aquiles em Pé', 'https://raw.githubusercontent.com/yuhonas/free-exercise-db/main/exercises/Standing_Soleus_And_Achilles_Stretch/0.jpg', 'panturrilhas', NULL),
(784, 'Toque nos Pés em Pé', 'https://raw.githubusercontent.com/yuhonas/free-exercise-db/main/exercises/Standing_Toe_Touches/0.jpg', 'isquiotibiais', NULL),
(785, 'Extensão de Tríceps com Toalha em Pé', 'https://raw.githubusercontent.com/yuhonas/free-exercise-db/main/exercises/Standing_Towel_Triceps_Extension/0.jpg', 'triceps', 'peso-do-corpo'),
(786, 'Arremesso de Medicine Ball com Duas Mãos Acima da Cabeça em Pé', 'https://raw.githubusercontent.com/yuhonas/free-exercise-db/main/exercises/Standing_Two-Arm_Overhead_Throw/0.jpg', 'ombros', 'bola-medicinal'),
(787, 'Pulo Estrela', 'https://raw.githubusercontent.com/yuhonas/free-exercise-db/main/exercises/Star_Jump/0.jpg', 'quadriceps', 'peso-do-corpo'),
(788, 'Subida no Step com Elevação de Joelho', 'https://raw.githubusercontent.com/yuhonas/free-exercise-db/main/exercises/Step-up_with_Knee_Raise/0.jpg', 'gluteos', 'peso-do-corpo'),
(789, 'Step Mill', 'https://raw.githubusercontent.com/yuhonas/free-exercise-db/main/exercises/Step_Mill/0.jpg', 'quadriceps', 'maquina'),
(790, 'Levantamento Terra com Pernas Rígidas', 'https://raw.githubusercontent.com/yuhonas/free-exercise-db/main/exercises/Stiff-Legged_Barbell_Deadlift/0.jpg', 'isquiotibiais', 'barra'),
(791, 'Levantamento Terra com Halteres Pernas Estendidas', 'https://raw.githubusercontent.com/yuhonas/free-exercise-db/main/exercises/Stiff-Legged_Dumbbell_Deadlift/0.jpg', 'isquiotibiais', 'halteres'),
(792, 'Bom Dia com Barra Pernas Estendidas', 'https://raw.githubusercontent.com/yuhonas/free-exercise-db/main/exercises/Stiff_Leg_Barbell_Good_Morning/0.jpg', 'inferior-das-costas', 'barra'),
(793, 'Vacuo Abdominal', 'https://raw.githubusercontent.com/yuhonas/free-exercise-db/main/exercises/Stomach_Vacuum/0.jpg', 'abdominais', 'peso-do-corpo'),
(794, 'Pullover com Halteres Braços Retos', 'https://raw.githubusercontent.com/yuhonas/free-exercise-db/main/exercises/Straight-Arm_Dumbbell_Pullover/0.jpg', 'peito', 'halteres'),
(795, 'Pulldown com Braços Retos', 'https://raw.githubusercontent.com/yuhonas/free-exercise-db/main/exercises/Straight-Arm_Pulldown/0.jpg', 'dorsais', 'cabo'),
(796, 'Remada Curvada com Barra no Banco', 'https://raw.githubusercontent.com/yuhonas/free-exercise-db/main/exercises/Straight_Bar_Bench_Mid_Rows/0.jpg', 'meio-das-costas', 'barra'),
(797, 'Elevações Frontais no Banco Inclinado', 'https://raw.githubusercontent.com/yuhonas/free-exercise-db/main/exercises/Straight_Raises_on_Incline_Bench/0.jpg', 'ombros', 'barra'),
(798, 'Salto com Crossover em Caixa', 'https://raw.githubusercontent.com/yuhonas/free-exercise-db/main/exercises/Stride_Jump_Crossover/0.jpg', 'quadriceps', 'outros'),
(799, 'Levantamento Terra Sumô', 'https://raw.githubusercontent.com/yuhonas/free-exercise-db/main/exercises/Sumo_Deadlift/0.jpg', 'isquiotibiais', 'barra'),
(800, 'Levantamento Terra Sumô com Elásticos', 'https://raw.githubusercontent.com/yuhonas/free-exercise-db/main/exercises/Sumo_Deadlift_with_Bands/0.jpg', 'isquiotibiais', 'barra'),
(801, 'Levantamento Terra Sumô com Correntes', 'https://raw.githubusercontent.com/yuhonas/free-exercise-db/main/exercises/Sumo_Deadlift_with_Chains/0.jpg', 'isquiotibiais', 'barra'),
(802, 'Super-Homem', 'https://raw.githubusercontent.com/yuhonas/free-exercise-db/main/exercises/Superman/0.jpg', 'inferior-das-costas', 'peso-do-corpo'),
(803, 'Arremesso de Peito Supino', 'https://raw.githubusercontent.com/yuhonas/free-exercise-db/main/exercises/Supine_Chest_Throw/0.jpg', 'triceps', 'bola-medicinal'),
(804, 'Arremesso Supino com Um Braço Acima da Cabeça', 'https://raw.githubusercontent.com/yuhonas/free-exercise-db/main/exercises/Supine_One-Arm_Overhead_Throw/0.jpg', 'abdominais', 'bola-medicinal'),
(805, 'Arremesso Supino com Dois Braços Acima da Cabeça', 'https://raw.githubusercontent.com/yuhonas/free-exercise-db/main/exercises/Supine_Two-Arm_Overhead_Throw/0.jpg', 'abdominais', 'bola-medicinal'),
(806, 'Fallout Suspenso', 'https://raw.githubusercontent.com/yuhonas/free-exercise-db/main/exercises/Suspended_Fallout/0.jpg', 'abdominais', 'outros'),
(807, 'Flexão Suspensa', 'https://raw.githubusercontent.com/yuhonas/free-exercise-db/main/exercises/Suspended_Push-Up/0.jpg', 'peito', 'outros'),
(808, 'Abdominal Invertido Suspenso', 'https://raw.githubusercontent.com/yuhonas/free-exercise-db/main/exercises/Suspended_Reverse_Crunch/0.jpg', 'abdominais', 'outros'),
(809, 'Remada Suspensa', 'https://raw.githubusercontent.com/yuhonas/free-exercise-db/main/exercises/Suspended_Row/0.jpg', 'meio-das-costas', 'outros'),
(810, 'Agachamento Búlgaro Suspenso', 'https://raw.githubusercontent.com/yuhonas/free-exercise-db/main/exercises/Suspended_Split_Squat/0.jpg', 'quadriceps', 'outros'),
(811, 'Press de Svend', 'https://raw.githubusercontent.com/yuhonas/free-exercise-db/main/exercises/Svend_Press/0.jpg', 'peito', 'outros'),
(812, 'Remada em T com Pegador', 'https://raw.githubusercontent.com/yuhonas/free-exercise-db/main/exercises/T-Bar_Row_with_Handle/0.jpg', 'meio-das-costas', 'barra'),
(813, 'Press Tate', 'https://raw.githubusercontent.com/yuhonas/free-exercise-db/main/exercises/Tate_Press/0.jpg', 'triceps', 'halteres'),
(814, 'Alongamento em V', 'https://raw.githubusercontent.com/yuhonas/free-exercise-db/main/exercises/The_Straddle/0.jpg', 'isquiotibiais', NULL),
(815, 'Abdutor de Coxas', 'https://raw.githubusercontent.com/yuhonas/free-exercise-db/main/exercises/Thigh_Abductor/0.jpg', 'abdutores', 'maquina'),
(816, 'Adutor de Coxas', 'https://raw.githubusercontent.com/yuhonas/free-exercise-db/main/exercises/Thigh_Adductor/0.jpg', 'adutores', 'maquina'),
(817, 'Virada de Pneu', 'https://raw.githubusercontent.com/yuhonas/free-exercise-db/main/exercises/Tire_Flip/0.jpg', 'quadriceps', 'outros'),
(818, 'Toque nos Dedos dos Pés', 'https://raw.githubusercontent.com/yuhonas/free-exercise-db/main/exercises/Toe_Touchers/0.jpg', 'abdominais', 'peso-do-corpo'),
(819, 'Rotação do Tronco', 'https://raw.githubusercontent.com/yuhonas/free-exercise-db/main/exercises/Torso_Rotation/0.jpg', 'abdominais', 'bola-de-exercicio'),
(820, 'Corrida/Caminhada em Trilha', 'https://raw.githubusercontent.com/yuhonas/free-exercise-db/main/exercises/Trail_Running_Walking/0.jpg', 'quadriceps', NULL),
(821, 'Levantamento Terra com Barra Hexagonal', 'https://raw.githubusercontent.com/yuhonas/free-exercise-db/main/exercises/Trap_Bar_Deadlift/0.jpg', 'quadriceps', 'outros'),
(822, 'Tríceps Coice com Halter', 'https://raw.githubusercontent.com/yuhonas/free-exercise-db/main/exercises/Tricep_Dumbbell_Kickback/0.jpg', 'triceps', 'halteres'),
(823, 'Alongamento Lateral de Tríceps', 'https://raw.githubusercontent.com/yuhonas/free-exercise-db/main/exercises/Tricep_Side_Stretch/0.jpg', 'triceps', NULL),
(824, 'Extensão de Tríceps Atrás da Cabeça com Corda', 'https://raw.githubusercontent.com/yuhonas/free-exercise-db/main/exercises/Triceps_Overhead_Extension_with_Rope/0.jpg', 'triceps', 'cabo'),
(825, 'Tríceps Pulley', 'https://raw.githubusercontent.com/yuhonas/free-exercise-db/main/exercises/Triceps_Pushdown/0.jpg', 'triceps', 'cabo'),
(826, 'Tríceps Pulley com Corda', 'https://raw.githubusercontent.com/yuhonas/free-exercise-db/main/exercises/Triceps_Pushdown_-_Rope_Attachment/0.jpg', 'triceps', 'cabo'),
(827, 'Tríceps Pulley com Barra V', 'https://raw.githubusercontent.com/yuhonas/free-exercise-db/main/exercises/Triceps_Pushdown_-_V-Bar_Attachment/0.jpg', 'triceps', 'cabo'),
(828, 'Alongamento de Tríceps', 'https://raw.githubusercontent.com/yuhonas/free-exercise-db/main/exercises/Triceps_Stretch/0.jpg', 'triceps', NULL),
(829, 'Abdominal Agrupado', 'https://raw.githubusercontent.com/yuhonas/free-exercise-db/main/exercises/Tuck_Crunch/0.jpg', 'abdominais', 'peso-do-corpo'),
(830, 'Rosca Scott com Halteres', 'https://raw.githubusercontent.com/yuhonas/free-exercise-db/main/exercises/Two-Arm_Dumbbell_Preacher_Curl/0.jpg', 'biceps', 'halteres'),
(831, 'Clean com Kettlebell de Dois Braços', 'https://raw.githubusercontent.com/yuhonas/free-exercise-db/main/exercises/Two-Arm_Kettlebell_Clean/0.jpg', 'ombros', 'kettlebell'),
(832, 'Jerk com Kettlebell de Dois Braços', 'https://raw.githubusercontent.com/yuhonas/free-exercise-db/main/exercises/Two-Arm_Kettlebell_Jerk/0.jpg', 'ombros', 'kettlebell'),
(833, 'Desenvolvimento Militar com Kettlebell de Dois Braços', 'https://raw.githubusercontent.com/yuhonas/free-exercise-db/main/exercises/Two-Arm_Kettlebell_Military_Press/0.jpg', 'ombros', 'kettlebell'),
(834, 'Remada com Kettlebell de Dois Braços', 'https://raw.githubusercontent.com/yuhonas/free-exercise-db/main/exercises/Two-Arm_Kettlebell_Row/0.jpg', 'meio-das-costas', 'kettlebell'),
(835, 'Pulldown com Pegada Supinada', 'https://raw.githubusercontent.com/yuhonas/free-exercise-db/main/exercises/Underhand_Cable_Pulldowns/0.jpg', 'dorsais', 'cabo'),
(836, 'Alongamento de Costas e Pernas', 'https://raw.githubusercontent.com/yuhonas/free-exercise-db/main/exercises/Upper_Back-Leg_Grab/0.jpg', 'isquiotibiais', NULL),
(837, 'Alongamento da Parte Superior das Costas', 'https://raw.githubusercontent.com/yuhonas/free-exercise-db/main/exercises/Upper_Back_Stretch/0.jpg', 'meio-das-costas', NULL),
(838, 'Remada Alta com Barra', 'https://raw.githubusercontent.com/yuhonas/free-exercise-db/main/exercises/Upright_Barbell_Row/0.jpg', 'ombros', 'barra'),
(839, 'Remada Alta no Cabo', 'https://raw.githubusercontent.com/yuhonas/free-exercise-db/main/exercises/Upright_Cable_Row/0.jpg', 'trapezio', 'cabo'),
(840, 'Remada Alta com Faixas Elásticas', 'https://raw.githubusercontent.com/yuhonas/free-exercise-db/main/exercises/Upright_Row_-_With_Bands/0.jpg', 'trapezio', 'faixas'),
(841, 'Alongamento para Cima', 'https://raw.githubusercontent.com/yuhonas/free-exercise-db/main/exercises/Upward_Stretch/0.jpg', 'ombros', NULL),
(842, 'Puxada no Pulley com Barra V', 'https://raw.githubusercontent.com/yuhonas/free-exercise-db/main/exercises/V-Bar_Pulldown/0.jpg', 'dorsais', 'cabo'),
(843, 'Barra Fixa com Barra V', 'https://raw.githubusercontent.com/yuhonas/free-exercise-db/main/exercises/V-Bar_Pullup/0.jpg', 'dorsais', 'peso-do-corpo'),
(844, 'Balancê Vertical com Halter', 'https://raw.githubusercontent.com/yuhonas/free-exercise-db/main/exercises/Vertical_Swing/0.jpg', 'isquiotibiais', 'halteres'),
(845, 'Caminhada na Esteira', 'https://raw.githubusercontent.com/yuhonas/free-exercise-db/main/exercises/Walking_Treadmill/0.jpg', 'quadriceps', 'maquina'),
(846, 'Hiperextensão com Bola e Peso', 'https://raw.githubusercontent.com/yuhonas/free-exercise-db/main/exercises/Weighted_Ball_Hyperextension/0.jpg', 'inferior-das-costas', 'bola-de-exercicio'),
(847, 'Inclinação Lateral com Bola e Peso', 'https://raw.githubusercontent.com/yuhonas/free-exercise-db/main/exercises/Weighted_Ball_Side_Bend/0.jpg', 'abdominais', 'bola-de-exercicio'),
(848, 'Mergulho no Banco com Peso', 'https://raw.githubusercontent.com/yuhonas/free-exercise-db/main/exercises/Weighted_Bench_Dip/0.jpg', 'triceps', 'outros'),
(849, 'Abdominais com Peso', 'https://raw.githubusercontent.com/yuhonas/free-exercise-db/main/exercises/Weighted_Crunches/0.jpg', 'abdominais', 'bola-medicinal'),
(850, 'Agachamento com Salto e Peso', 'https://raw.githubusercontent.com/yuhonas/free-exercise-db/main/exercises/Weighted_Jump_Squat/0.jpg', 'quadriceps', 'barra'),
(851, 'Barra Fixa com Peso', 'https://raw.githubusercontent.com/yuhonas/free-exercise-db/main/exercises/Weighted_Pull_Ups/0.jpg', 'dorsais', 'outros'),
(852, 'Agachamento Sissy com Peso', 'https://raw.githubusercontent.com/yuhonas/free-exercise-db/main/exercises/Weighted_Sissy_Squat/0.jpg', 'quadriceps', 'barra'),
(853, 'Abdominais com Peso e Faixas', 'https://raw.githubusercontent.com/yuhonas/free-exercise-db/main/exercises/Weighted_Sit-Ups_-_With_Bands/0.jpg', 'abdominais', 'outros'),
(854, 'Agachamento com Peso', 'https://raw.githubusercontent.com/yuhonas/free-exercise-db/main/exercises/Weighted_Squat/0.jpg', 'quadriceps', 'outros'),
(855, 'Supino Reto com Barra e Pegada Larga', 'https://raw.githubusercontent.com/yuhonas/free-exercise-db/main/exercises/Wide-Grip_Barbell_Bench_Press/0.jpg', 'peito', 'barra'),
(856, 'Supino Declinado com Barra e Pegada Larga', 'https://raw.githubusercontent.com/yuhonas/free-exercise-db/main/exercises/Wide-Grip_Decline_Barbell_Bench_Press/0.jpg', 'peito', 'barra'),
(857, 'Pullover com Barra em Banco Declinado e Pegada Larga', 'https://raw.githubusercontent.com/yuhonas/free-exercise-db/main/exercises/Wide-Grip_Decline_Barbell_Pullover/0.jpg', 'peito', 'barra'),
(858, 'Pulldown com Pegada Larga', 'https://raw.githubusercontent.com/yuhonas/free-exercise-db/main/exercises/Wide-Grip_Lat_Pulldown/0.jpg', 'dorsais', 'cabo'),
(859, 'Pulldown Atrás da Nuca com Pegada Larga', 'https://raw.githubusercontent.com/yuhonas/free-exercise-db/main/exercises/Wide-Grip_Pulldown_Behind_The_Neck/0.jpg', 'dorsais', 'cabo'),
(860, 'Barra Fixa Atrás da Nuca com Pegada Larga', 'https://raw.githubusercontent.com/yuhonas/free-exercise-db/main/exercises/Wide-Grip_Rear_Pull-Up/0.jpg', 'dorsais', 'peso-do-corpo'),
(861, 'Rosca Direta com Barra em Pegada Aberta', 'https://raw.githubusercontent.com/yuhonas/free-exercise-db/main/exercises/Wide-Grip_Standing_Barbell_Curl/0.jpg', 'biceps', 'barra'),
(862, 'Agachamento com Barra em Pé Afastado', 'https://raw.githubusercontent.com/yuhonas/free-exercise-db/main/exercises/Wide_Stance_Barbell_Squat/0.jpg', 'quadriceps', 'barra'),
(863, 'Stiff-Leg com Base Larga', 'https://raw.githubusercontent.com/yuhonas/free-exercise-db/main/exercises/Wide_Stance_Stiff_Legs/0.jpg', 'isquiotibiais', 'barra'),
(864, 'Sprints Suspensos', 'https://raw.githubusercontent.com/yuhonas/free-exercise-db/main/exercises/Wind_Sprints/0.jpg', 'abdominais', 'peso-do-corpo'),
(865, 'Moinhos de Vento', 'https://raw.githubusercontent.com/yuhonas/free-exercise-db/main/exercises/Windmills/0.jpg', 'abdutores', NULL),
(866, 'Alongamento Mais Completo do Mundo', 'https://raw.githubusercontent.com/yuhonas/free-exercise-db/main/exercises/Worlds_Greatest_Stretch/0.jpg', 'isquiotibiais', NULL),
(867, 'Círculos com os Punhos', 'https://raw.githubusercontent.com/yuhonas/free-exercise-db/main/exercises/Wrist_Circles/0.jpg', 'antebracos', 'peso-do-corpo'),
(868, 'Rolo de Punho', 'https://raw.githubusercontent.com/yuhonas/free-exercise-db/main/exercises/Wrist_Roller/0.jpg', 'antebracos', 'outros'),
(869, 'Rotação de Punhos com Barra Reta', 'https://raw.githubusercontent.com/yuhonas/free-exercise-db/main/exercises/Wrist_Rotations_with_Straight_Bar/0.jpg', 'antebracos', 'barra'),
(870, 'Caminhada com Yoke', 'https://raw.githubusercontent.com/yuhonas/free-exercise-db/main/exercises/Yoke_Walk/0.jpg', 'quadriceps', 'outros'),
(871, 'Agachamento Zercher', 'https://raw.githubusercontent.com/yuhonas/free-exercise-db/main/exercises/Zercher_Squats/0.jpg', 'quadriceps', 'barra'),
(872, 'Rosca Zottman', 'https://raw.githubusercontent.com/yuhonas/free-exercise-db/main/exercises/Zottman_Curl/0.jpg', 'biceps', 'halteres'),
(873, 'Rosca Zottman no Banco Scott', 'https://raw.githubusercontent.com/yuhonas/free-exercise-db/main/exercises/Zottman_Preacher_Curl/0.jpg', 'biceps', 'halteres');

-- --------------------------------------------------------

--
-- Estrutura para tabela `cliente`
--

DROP TABLE IF EXISTS `cliente`;
CREATE TABLE IF NOT EXISTS `cliente` (
  `id` int NOT NULL AUTO_INCREMENT,
  `personal_id` int DEFAULT NULL,
  `CPF` varchar(17) CHARACTER SET utf8mb4 COLLATE utf8mb4_0900_ai_ci NOT NULL,
  `nome` varchar(50) CHARACTER SET utf8mb4 COLLATE utf8mb4_0900_ai_ci NOT NULL,
  `telefone` varchar(14) CHARACTER SET utf8mb4 COLLATE utf8mb4_0900_ai_ci NOT NULL,
  `email` varchar(35) CHARACTER SET utf8mb4 COLLATE utf8mb4_0900_ai_ci NOT NULL,
  `senha` varchar(255) CHARACTER SET utf8mb4 COLLATE utf8mb4_0900_ai_ci NOT NULL,
  `endereco` text CHARACTER SET utf8mb4 COLLATE utf8mb4_0900_ai_ci NOT NULL,
  `datanascimento` date DEFAULT NULL,
  `ultimo_login` date NOT NULL,
  `status` enum('ativo','inativo','anulado') CHARACTER SET utf8mb4 COLLATE utf8mb4_0900_ai_ci DEFAULT NULL,
  `foto_perfil` varchar(255) CHARACTER SET utf8mb4 COLLATE utf8mb4_0900_ai_ci NOT NULL,
  `nivel_experiencia` enum('iniciante','intermediario','avançado') CHARACTER SET utf8mb4 COLLATE utf8mb4_0900_ai_ci NOT NULL,
  `treino_com_personal` enum('sim','nao') CHARACTER SET utf8mb4 COLLATE utf8mb4_0900_ai_ci NOT NULL,
  `termo_responsabilidade` varchar(255) CHARACTER SET utf8mb4 COLLATE utf8mb4_0900_ai_ci DEFAULT NULL,
  `termo_autorizacao` varchar(255) DEFAULT NULL,
  `atestado_medico` varchar(255) DEFAULT NULL,
  `email_verificado` tinyint(1) DEFAULT '0',
  `data_criacao` timestamp NOT NULL DEFAULT CURRENT_TIMESTAMP,
  `pin` varchar(255) CHARACTER SET utf8mb4 COLLATE utf8mb4_0900_ai_ci DEFAULT NULL,
  PRIMARY KEY (`id`),
  UNIQUE KEY `CPF` (`CPF`),
  KEY `personal_id` (`personal_id`)
) ENGINE=MyISAM AUTO_INCREMENT=144 DEFAULT CHARSET=utf8mb4 COLLATE=utf8mb4_0900_ai_ci;

--
-- Despejando dados para a tabela `cliente`
--

INSERT INTO `cliente` (`id`, `personal_id`, `CPF`, `nome`, `telefone`, `email`, `senha`, `endereco`, `datanascimento`, `ultimo_login`, `status`, `foto_perfil`, `nivel_experiencia`, `treino_com_personal`, `termo_responsabilidade`, `termo_autorizacao`, `atestado_medico`, `email_verificado`, `data_criacao`, `pin`) VALUES
(1, 8, '55544455578', 'breno', '12996154847', 'admin', '8c6976e5b5410415bde908bd4dee15dfb167a9c873fc4bb8a81f6f2ab448a918', 'ssssss', '2004-12-20', '2026-01-15', 'ativo', 'assets/fotos-perfil/1/1764023148_895136f799b76698ef21.jpeg', 'iniciante', 'sim', NULL, NULL, NULL, 0, '2025-01-06 23:37:42', 'ebd0ed114f7adb9d4043cab95d73c422a67c5ea8cb72f89c7997284a0b82f231'),
(71, 13, '12345678900', 'João Silva', '(11) 98765-432', 'joao.silva@email.com', 'senhaSegura123', 'Rua das Flores, 100', '1990-05-15', '2024-10-01', 'ativo', 'assets/fotos-perfil/71/1745158347_4261d31d69812b0c345f.jpg', 'iniciante', 'sim', NULL, NULL, NULL, 0, '2025-02-06 23:37:42', NULL),
(70, 13, '444.222.454-45', 'Willian Akamine', '12996569274', 'Willian@gmail.com', '289160db0d9f39f9ae1754c4ec9c16f90b50e32e09c5fb5481ae642b3d3d1a36', 'ssssss', '0000-00-00', '0000-00-00', NULL, '', 'iniciante', 'sim', NULL, NULL, NULL, 0, '2025-10-06 23:37:42', NULL),
(72, 8, '98765432100', 'Maria Oliveira', '(21) 91234-567', 'brenohenriquegx@gmail.com', 'senhaSegura456', 'Av. Brasil, 200', '1985-08-25', '2024-09-30', 'ativo', '', 'iniciante', 'sim', NULL, NULL, NULL, 0, '2025-10-06 23:37:42', NULL),
(73, 1, '321.654.987-00', 'Carlos Souza', '(31) 99876-543', 'carlos.souza@email.com', 'senhaSegura789', 'Rua das Acácias, 300', '1992-03-10', '2024-09-29', 'inativo', '', 'iniciante', 'sim', NULL, NULL, NULL, 0, '2025-10-06 23:37:42', NULL),
(74, 1, '456.789.123-00', 'Ana Costa', '(41) 98765-123', 'ana.costa@email.com', 'senhaSegura012', 'Av. Central, 400', '1995-12-01', '2024-10-01', 'ativo', 'assets/fotos-perfil/74/1748299347_3eba703cd60352cfa003.jpg', 'iniciante', 'sim', NULL, NULL, NULL, 0, '2025-10-06 23:37:42', NULL),
(75, 13, '65432198700', 'Pedro Lima', '(51) 91234-876', 'pedro.lima@email.com', 'senhaSegura345', 'Rua das Palmeiras, 500', '1998-07-20', '2024-09-28', 'anulado', '', 'iniciante', 'sim', NULL, NULL, NULL, 0, '2025-10-06 23:37:42', NULL),
(92, 8, '555.444.555-78', 'brenooooo', '', 'brenohenriquegx@gmail.com', '46070d4bf934fb0d4b06d9e2c46e346944e322444900a435d7d9a95e6d7435f5', 'ssssss', '2004-12-20', '0000-00-00', NULL, '', 'iniciante', 'sim', NULL, NULL, NULL, 0, '2025-10-06 23:37:42', NULL),
(124, 13, '555.348.498-78', 'Pedro Henrique', '(12) 99656-927', 'breno.reis@aluno.ifsp.edu.br', '4cff1ab2ce8129da5085f70ab1275d7496c1543914b141c806572d02765b10d9', 'ssssss', '2005-06-07', '2025-05-20', 'ativo', '', 'iniciante', 'sim', NULL, NULL, NULL, 0, '2025-10-06 23:37:42', NULL),
(138, 0, '484.554.256-22', 'jose carlos', '(12) 51515-115', 'josecarlos@teste.com.br', '', 'rua granizo', '0000-00-00', '0000-00-00', 'inativo', 'assets/fotos-perfil/138/1748238706_039d7c3e5588625eb6fc.jpg', 'iniciante', 'nao', 'assets/termo_responsabilidade/484.554.256-22/1748238706_f850dcaca329c080c24d.pdf', NULL, 'assets/atestado/484.554.256-22/1748238706_5c1753d1a5274233966d.pdf', 0, '2025-10-06 23:37:42', NULL),
(139, 0, '151.548.451-51', 'breno', '(12) 99659-584', 'breno@gmail.com', '', 'rua granizo', '2006-06-07', '0000-00-00', 'inativo', '', 'iniciante', 'sim', 'assets/termo_responsabilidade/151.548.451-51/1750197755_8fa80b9dcd1175a28fa2.pdf', NULL, 'assets/atestado/151.548.451-51/1750197755_96f1809f776bba258515.pdf', 0, '2025-10-06 23:37:42', NULL),
(140, 0, '255.448.484-84', 'teste teste', '(12) 99656-927', 'teste@teste.com', '', 'testando', '2005-06-07', '0000-00-00', 'ativo', '', 'iniciante', 'sim', NULL, NULL, NULL, 0, '2025-10-27 23:10:37', '$2y$10$3kxC7pApfcsoiKCk1wG8zOgoT4xD5SJ0cExxPOdK9dlWCopNX4UP.'),
(141, 0, '255.448.484-45', 'teste teste', '(12) 99656-927', 'comercial@sitenivel.com.br', '', 'testando', '2005-06-07', '0000-00-00', 'inativo', 'assets/fotos-perfil/141/1764014614_6ecbe0550e708d914971.png', 'iniciante', 'sim', NULL, NULL, NULL, 0, '2025-11-24 20:03:34', 'ffbade85f87439e25367f16169173c8c0fbba6712008ac9bfa8f8f8e378a726d'),
(142, 8, '484.815.151-15', 'breno', '(12) 99658-485', 'comercial@sitenivel.com.br', '', 'rua granizo Campos do Jordão Sp', '2005-06-07', '0000-00-00', 'inativo', 'assets/fotos-perfil/142/1764017443_98a8b9daac01da6d7696.png', 'avançado', 'sim', NULL, NULL, NULL, 0, '2025-11-24 20:50:43', NULL);

-- --------------------------------------------------------

--
-- Estrutura para tabela `clientes_planos`
--

DROP TABLE IF EXISTS `clientes_planos`;
CREATE TABLE IF NOT EXISTS `clientes_planos` (
  `id` int NOT NULL AUTO_INCREMENT,
  `data_inicio` date NOT NULL,
  `data_vencimento` date NOT NULL,
  `status` enum('ativo','pendente','pago','cancelado','expirado') CHARACTER SET utf8mb4 COLLATE utf8mb4_0900_ai_ci NOT NULL,
  `pago` tinyint(1) NOT NULL,
  `cliente_id` int DEFAULT NULL,
  `plano_id` int DEFAULT NULL,
  PRIMARY KEY (`id`),
  KEY `cliente_id` (`cliente_id`),
  KEY `plano_id` (`plano_id`)
) ENGINE=MyISAM AUTO_INCREMENT=30 DEFAULT CHARSET=utf8mb4 COLLATE=utf8mb4_0900_ai_ci;

--
-- Despejando dados para a tabela `clientes_planos`
--

INSERT INTO `clientes_planos` (`id`, `data_inicio`, `data_vencimento`, `status`, `pago`, `cliente_id`, `plano_id`) VALUES
(16, '2025-05-26', '2025-06-26', 'expirado', 1, 138, 1),
(12, '2025-05-18', '2025-06-18', 'pago', 1, 124, 1),
(19, '2025-06-26', '2025-07-26', 'expirado', 1, 138, 1),
(20, '2025-07-26', '2025-08-25', 'expirado', 1, 138, 1),
(21, '2025-06-17', '2025-07-17', 'pendente', 0, 139, 2),
(22, '2025-06-18', '2025-07-18', 'expirado', 1, 124, 1),
(23, '2025-07-18', '2025-08-17', 'ativo', 0, 124, 1),
(24, '2025-08-29', '2025-09-29', 'ativo', 0, 1, 1),
(25, '2025-10-27', '2025-11-27', 'expirado', 1, 140, 1),
(26, '2025-11-27', '2025-12-27', 'ativo', 0, 140, 1),
(27, '2025-11-24', '2025-12-24', 'pendente', 0, 141, 1),
(28, '2025-11-24', '2025-12-24', 'pendente', 0, 142, 3),
(29, '2025-11-24', '2025-12-24', 'pendente', 0, 143, 2);

-- --------------------------------------------------------

--
-- Estrutura para tabela `clientes_planos_extra`
--

DROP TABLE IF EXISTS `clientes_planos_extra`;
CREATE TABLE IF NOT EXISTS `clientes_planos_extra` (
  `id` int NOT NULL AUTO_INCREMENT,
  `clientes_planos_id` int DEFAULT NULL,
  `extra_id` int DEFAULT NULL,
  PRIMARY KEY (`id`),
  KEY `extra_id` (`extra_id`),
  KEY `clientes_planos_id` (`clientes_planos_id`)
) ENGINE=MyISAM AUTO_INCREMENT=3 DEFAULT CHARSET=utf8mb4 COLLATE=utf8mb4_0900_ai_ci;

-- --------------------------------------------------------

--
-- Estrutura para tabela `despesas`
--

DROP TABLE IF EXISTS `despesas`;
CREATE TABLE IF NOT EXISTS `despesas` (
  `id` int NOT NULL AUTO_INCREMENT,
  `descricao` varchar(100) NOT NULL,
  `valor` decimal(10,2) NOT NULL,
  `tipo` enum('fixa','variável') NOT NULL,
  `data` date NOT NULL,
  `observacao` text,
  `status` enum('paga','pendente') NOT NULL DEFAULT 'pendente',
  `data_criacao` date NOT NULL,
  PRIMARY KEY (`id`)
) ENGINE=MyISAM AUTO_INCREMENT=16 DEFAULT CHARSET=utf8mb3;

--
-- Despejando dados para a tabela `despesas`
--

INSERT INTO `despesas` (`id`, `descricao`, `valor`, `tipo`, `data`, `observacao`, `status`, `data_criacao`) VALUES
(1, 'Conta de luz', 350.00, 'fixa', '2025-06-10', 'Conta de energia do mês de abril', 'pendente', '2025-04-01'),
(2, 'Conta de água', 150.00, 'fixa', '2025-04-12', 'Conta de água do mês de abril', 'paga', '2025-04-01'),
(3, 'Manutenção de esteira', 800.00, 'variável', '2025-04-15', 'Troca de peças da esteira', 'paga', '2025-04-05'),
(4, 'Compra de halteres', 1200.00, 'variável', '2025-04-20', 'Novos halteres para sala de musculação', 'pendente', '2025-04-10'),
(5, 'Material de limpeza', 180.00, 'variável', '2025-04-22', 'Desinfetante, papel toalha, sabão', 'paga', '2025-04-15'),
(6, 'Conta de internet', 100.00, 'fixa', '2025-04-05', 'Plano de 500MB fibra óptica', 'paga', '2025-04-01'),
(7, 'Uniformes funcionários', 600.00, 'variável', '2025-04-18', 'Compra de camisetas padronizadas', 'pendente', '2025-04-10'),
(8, 'Reparo no ar-condicionado', 250.00, 'variável', '2025-04-25', 'Troca de filtro e limpeza técnica', 'paga', '2025-04-20'),
(9, 'Compra de suplemento para revenda', 2000.00, 'variável', '2025-04-27', 'Creatina, Whey, BCAA', 'pendente', '2025-04-25'),
(10, 'Assinatura software academia', 300.00, 'fixa', '2025-04-01', 'Sistema de controle e gestão', 'paga', '2025-04-01'),
(15, 'Manutenção de leg press', 500.00, 'fixa', '2025-11-23', '', 'pendente', '0000-00-00');

-- --------------------------------------------------------

--
-- Estrutura para tabela `exercicios`
--

DROP TABLE IF EXISTS `exercicios`;
CREATE TABLE IF NOT EXISTS `exercicios` (
  `id` int NOT NULL AUTO_INCREMENT,
  `nome` varchar(100) NOT NULL,
  `gif_url` varchar(500) NOT NULL,
  `grupo_muscular_id` int NOT NULL,
  PRIMARY KEY (`id`),
  KEY `grupo_muscular_id` (`grupo_muscular_id`)
) ENGINE=MyISAM AUTO_INCREMENT=882 DEFAULT CHARSET=utf8mb4 COLLATE=utf8mb4_0900_ai_ci;

--
-- Despejando dados para a tabela `exercicios`
--

INSERT INTO `exercicios` (`id`, `nome`, `gif_url`, `grupo_muscular_id`) VALUES
(870, 'Supino Vertical', '', 1),
(2, 'Supino Inclinado com Halteres', 'https://raw.githubusercontent.com/yuhonas/free-exercise-db/main/exercises/Incline_Dumbbell_Press/0.jpg', 1),
(3, 'Supino Declinado com Halteres', 'https://raw.githubusercontent.com/yuhonas/free-exercise-db/main/exercises/Decline_Dumbbell_Bench_Press/0.jpg', 1),
(4, 'Crucifixo Reto com Halteres', '', 1),
(5, 'Crucifixo Inclinado com Halteres', 'https://raw.githubusercontent.com/yuhonas/free-exercise-db/main/exercises/Incline_Dumbbell_Flyes/0.jpg', 1),
(6, 'Peck Deck (Fly)', '', 1),
(7, 'Crossover no Cabo', '', 1),
(8, 'Flexão de Braço', '', 1),
(9, 'Puxada Frontal na Polia', '', 2),
(10, 'Remada Curvada com Barra', 'https://raw.githubusercontent.com/yuhonas/free-exercise-db/main/exercises/Bent_Over_Barbell_Row/0.jpg', 2),
(11, 'Remada Unilateral com Halteres', '', 2),
(12, 'Remada Baixa na Polia', '', 2),
(13, 'Puxada na Barra Fixa (Pull-up)', '', 2),
(14, 'Remada Cavalinho (T-Bar Row)', '', 2),
(15, 'Levantamento Terra', '', 2),
(16, 'Agachamento Livre', '', 3),
(17, 'Agachamento no Smith', 'https://raw.githubusercontent.com/yuhonas/free-exercise-db/main/exercises/Smith_Machine_Squat/0.jpg', 3),
(18, 'Leg Press 45º', '', 3),
(19, 'Cadeira Extensora', '', 3),
(20, 'Cadeira Flexora', 'https://raw.githubusercontent.com/yuhonas/free-exercise-db/main/exercises/Lying_Leg_Curls/0.jpg', 3),
(21, 'Afundo com Halteres', 'https://raw.githubusercontent.com/yuhonas/free-exercise-db/main/exercises/Dumbbell_Lunges/0.jpg', 3),
(22, 'Agachamento Búlgaro', '', 3),
(23, 'Stiff com Halteres', '', 3),
(24, 'Rosca Direta com Barra', 'https://raw.githubusercontent.com/yuhonas/free-exercise-db/main/exercises/Barbell_Curl/0.jpg', 4),
(25, 'Rosca Alternada com Halteres', 'https://raw.githubusercontent.com/yuhonas/free-exercise-db/main/exercises/Dumbbell_Alternate_Bicep_Curl/0.jpg', 4),
(26, 'Rosca Scott', 'https://raw.githubusercontent.com/yuhonas/free-exercise-db/main/exercises/Preacher_Curl/0.jpg', 4),
(27, 'Rosca Concentrada', 'https://raw.githubusercontent.com/yuhonas/free-exercise-db/main/exercises/Concentration_Curls/0.jpg', 4),
(28, 'Rosca Martelo', 'https://raw.githubusercontent.com/yuhonas/free-exercise-db/main/exercises/Hammer_Curls/0.jpg', 4),
(29, 'Rosca 21', '', 4),
(30, 'Tríceps Testa com Barra W', 'https://raw.githubusercontent.com/yuhonas/free-exercise-db/main/exercises/EZ-Bar_Skullcrusher/0.jpg', 5),
(31, 'Tríceps Corda no Pulley', '', 5),
(32, 'Tríceps Francês com Halteres', '', 5),
(33, 'Mergulho entre bancos', '', 5),
(34, 'Tríceps Banco com Peso', '', 5),
(35, 'Tríceps na Máquina', '', 5),
(36, 'Desenvolvimento com Halteres', '', 6),
(37, 'Desenvolvimento com Barra', '', 6),
(38, 'Elevação Lateral com Halteres', 'https://raw.githubusercontent.com/yuhonas/free-exercise-db/main/exercises/Dumbbell_Raise/0.jpg', 6),
(39, 'Elevação Frontal com Halteres', 'https://raw.githubusercontent.com/yuhonas/free-exercise-db/main/exercises/Front_Dumbbell_Raise/0.jpg', 6),
(40, 'Remada Alta com Barra', 'https://raw.githubusercontent.com/yuhonas/free-exercise-db/main/exercises/Upright_Barbell_Row/0.jpg', 6),
(41, 'Crucifixo Inverso', 'https://raw.githubusercontent.com/yuhonas/free-exercise-db/main/exercises/Reverse_Flyes/0.jpg', 6),
(42, 'Abdominal Reto no Solo', '', 7),
(43, 'Abdominal Infra com Elevação de Pernas', '', 7),
(44, 'Prancha Isométrica', '', 7),
(45, 'Abdominal na Máquina', '', 7),
(46, 'Abdominal Obliquo com Torção', '', 7),
(47, 'Elevação de Pernas na Barra Fixa', '', 7),
(48, 'Elevação de Quadril no Banco', '', 8),
(49, 'Abdução de Quadril na Máquina', '', 8),
(50, 'Glúteo na Polia Baixa', '', 8),
(51, 'Agachamento Sumô', '', 8),
(52, 'Avanço com Passada', '', 8),
(53, 'Rosca Inversa com Barra', 'https://raw.githubusercontent.com/yuhonas/free-exercise-db/main/exercises/Reverse_Barbell_Curl/0.jpg', 4),
(54, 'Rosca Punho com Halteres', '', 9),
(55, 'Rosca de Punho Inversa', '', 9),
(56, 'Elevação de Panturrilha Sentado', '', 10),
(57, 'Elevação de Panturrilha em Pé', 'https://raw.githubusercontent.com/yuhonas/free-exercise-db/main/exercises/Standing_Calf_Raises/0.jpg', 10),
(58, 'Panturrilha na Leg Press', '', 10),
(59, 'Abdominal 3/4', 'https://raw.githubusercontent.com/yuhonas/free-exercise-db/main/exercises/3_4_Sit-Up/0.jpg', 7),
(60, 'Isquiotibiais 90/90', 'https://raw.githubusercontent.com/yuhonas/free-exercise-db/main/exercises/90_90_Hamstring/0.jpg', 3),
(61, 'Máquina de Abdominal', 'https://raw.githubusercontent.com/yuhonas/free-exercise-db/main/exercises/Ab_Crunch_Machine/0.jpg', 7),
(62, 'Roda Abdominal', 'https://raw.githubusercontent.com/yuhonas/free-exercise-db/main/exercises/Ab_Roller/0.jpg', 7),
(63, 'Adutor com Rolo de Espuma', 'https://raw.githubusercontent.com/yuhonas/free-exercise-db/main/exercises/Adductor/0.jpg', 3),
(64, 'Adutor/Virilha com Parceiro', 'https://raw.githubusercontent.com/yuhonas/free-exercise-db/main/exercises/Adductor_Groin/0.jpg', 3),
(65, 'Windmill Avançado com Kettlebell', 'https://raw.githubusercontent.com/yuhonas/free-exercise-db/main/exercises/Advanced_Kettlebell_Windmill/0.jpg', 7),
(66, 'Bicicleta no Ar', 'https://raw.githubusercontent.com/yuhonas/free-exercise-db/main/exercises/Air_Bike/0.jpg', 7),
(67, 'Alongamento de Quadríceps em Quatro Apoios', 'https://raw.githubusercontent.com/yuhonas/free-exercise-db/main/exercises/All_Fours_Quad_Stretch/0.jpg', 3),
(68, 'Rosca Martelo Alternada', 'https://raw.githubusercontent.com/yuhonas/free-exercise-db/main/exercises/Alternate_Hammer_Curl/0.jpg', 4),
(69, 'Toque Alternado nos Calcanhares', 'https://raw.githubusercontent.com/yuhonas/free-exercise-db/main/exercises/Alternate_Heel_Touchers/0.jpg', 7),
(70, 'Rosca Alternada com Halteres no Banco Inclinado', 'https://raw.githubusercontent.com/yuhonas/free-exercise-db/main/exercises/Alternate_Incline_Dumbbell_Curl/0.jpg', 4),
(71, 'Salto Diagonal Alternado com as Pernas', 'https://raw.githubusercontent.com/yuhonas/free-exercise-db/main/exercises/Alternate_Leg_Diagonal_Bound/0.jpg', 3),
(72, 'Desenvolvimento Alternado com Cabos', 'https://raw.githubusercontent.com/yuhonas/free-exercise-db/main/exercises/Alternating_Cable_Shoulder_Press/0.jpg', 6),
(73, 'Elevação Alternada do Deltóide', 'https://raw.githubusercontent.com/yuhonas/free-exercise-db/main/exercises/Alternating_Deltoid_Raise/0.jpg', 6),
(74, 'Supino Alternado no Chão', 'https://raw.githubusercontent.com/yuhonas/free-exercise-db/main/exercises/Alternating_Floor_Press/0.jpg', 1),
(75, 'Arranco Alternado a Partir da Suspensão', 'https://raw.githubusercontent.com/yuhonas/free-exercise-db/main/exercises/Alternating_Hang_Clean/0.jpg', 3),
(76, 'Desenvolvimento Alternado com Kettlebell', 'https://raw.githubusercontent.com/yuhonas/free-exercise-db/main/exercises/Alternating_Kettlebell_Press/0.jpg', 6),
(77, 'Remada Alternada com Kettlebell', 'https://raw.githubusercontent.com/yuhonas/free-exercise-db/main/exercises/Alternating_Kettlebell_Row/0.jpg', 2),
(78, 'Remada Renegada Alternada', 'https://raw.githubusercontent.com/yuhonas/free-exercise-db/main/exercises/Alternating_Renegade_Row/0.jpg', 2),
(79, 'Círculos de Tornozelo', 'https://raw.githubusercontent.com/yuhonas/free-exercise-db/main/exercises/Ankle_Circles/0.jpg', 10),
(80, 'Tornozelo no Joelho', 'https://raw.githubusercontent.com/yuhonas/free-exercise-db/main/exercises/Ankle_On_The_Knee/0.jpg', 8),
(81, 'Liberação Miofascial do Tibial Anterior', 'https://raw.githubusercontent.com/yuhonas/free-exercise-db/main/exercises/Anterior_Tibialis-SMR/0.jpg', 10),
(82, 'Press Anti-Gravidade', 'https://raw.githubusercontent.com/yuhonas/free-exercise-db/main/exercises/Anti-Gravity_Press/0.jpg', 6),
(83, 'Círculos com os Braços', 'https://raw.githubusercontent.com/yuhonas/free-exercise-db/main/exercises/Arm_Circles/0.jpg', 6),
(84, 'Press Arnold com Halteres', 'https://raw.githubusercontent.com/yuhonas/free-exercise-db/main/exercises/Arnold_Dumbbell_Press/0.jpg', 6),
(85, 'Around The Worlds', 'https://raw.githubusercontent.com/yuhonas/free-exercise-db/main/exercises/Around_The_Worlds/0.jpg', 1),
(86, 'Treinador para Pedras Atlas', 'https://raw.githubusercontent.com/yuhonas/free-exercise-db/main/exercises/Atlas_Stone_Trainer/0.jpg', 2),
(87, 'Pedras Atlas', 'https://raw.githubusercontent.com/yuhonas/free-exercise-db/main/exercises/Atlas_Stones/0.jpg', 2),
(88, 'Levantamento Terra com Eixo', 'https://raw.githubusercontent.com/yuhonas/free-exercise-db/main/exercises/Axle_Deadlift/0.jpg', 2),
(89, 'Crucifixo Invertido com Banda', 'https://raw.githubusercontent.com/yuhonas/free-exercise-db/main/exercises/Back_Flyes_-_With_Bands/0.jpg', 6),
(90, 'Arrasto para Trás', 'https://raw.githubusercontent.com/yuhonas/free-exercise-db/main/exercises/Backward_Drag/0.jpg', 3),
(91, 'Arremesso de Medicine Ball para Trás', 'https://raw.githubusercontent.com/yuhonas/free-exercise-db/main/exercises/Backward_Medicine_Ball_Throw/0.jpg', 6),
(92, 'Prancha de Equilíbrio', 'https://raw.githubusercontent.com/yuhonas/free-exercise-db/main/exercises/Balance_Board/0.jpg', 10),
(93, 'Flexão de Pernas com Bola', 'https://raw.githubusercontent.com/yuhonas/free-exercise-db/main/exercises/Ball_Leg_Curl/0.jpg', 3),
(94, 'Bom Dia com Banda', 'https://raw.githubusercontent.com/yuhonas/free-exercise-db/main/exercises/Band_Good_Morning/0.jpg', 3),
(95, 'Bom Dia com Puxada de Banda', 'https://raw.githubusercontent.com/yuhonas/free-exercise-db/main/exercises/Band_Good_Morning_Pull_Through/0.jpg', 3),
(96, 'Adução de Quadril com Banda', 'https://raw.githubusercontent.com/yuhonas/free-exercise-db/main/exercises/Band_Hip_Adductions/0.jpg', 3),
(97, 'Abertura de Banda', 'https://raw.githubusercontent.com/yuhonas/free-exercise-db/main/exercises/Band_Pull_Apart/0.jpg', 6),
(98, 'Tríceps Skull Crusher com Banda', 'https://raw.githubusercontent.com/yuhonas/free-exercise-db/main/exercises/Band_Skull_Crusher/0.jpg', 5),
(99, 'Abdominal com Roda de Abdominais usando Barra', 'https://raw.githubusercontent.com/yuhonas/free-exercise-db/main/exercises/Barbell_Ab_Rollout/0.jpg', 7),
(100, 'Abdominal com Roda de Abdominais usando Barra - Ajoelhado', 'https://raw.githubusercontent.com/yuhonas/free-exercise-db/main/exercises/Barbell_Ab_Rollout_-_On_Knees/0.jpg', 7),
(101, 'Supino Reto com Barra - Pegada Média', 'https://raw.githubusercontent.com/yuhonas/free-exercise-db/main/exercises/Barbell_Bench_Press_-_Medium_Grip/0.jpg', 1),
(102, 'Rosca com Barra no Banco Inclinado', 'https://raw.githubusercontent.com/yuhonas/free-exercise-db/main/exercises/Barbell_Curls_Lying_Against_An_Incline/0.jpg', 4),
(103, 'Levantamento Terra com Barra', 'https://raw.githubusercontent.com/yuhonas/free-exercise-db/main/exercises/Barbell_Deadlift/0.jpg', 2),
(104, 'Agachamento Livre com Barra', 'https://raw.githubusercontent.com/yuhonas/free-exercise-db/main/exercises/Barbell_Full_Squat/0.jpg', 3),
(105, 'Elevação de Quadril com Barra', 'https://raw.githubusercontent.com/yuhonas/free-exercise-db/main/exercises/Barbell_Glute_Bridge/0.jpg', 8),
(106, 'Supino Guilhotina com Barra', 'https://raw.githubusercontent.com/yuhonas/free-exercise-db/main/exercises/Barbell_Guillotine_Bench_Press/0.jpg', 1),
(107, 'Agachamento Hack com Barra', 'https://raw.githubusercontent.com/yuhonas/free-exercise-db/main/exercises/Barbell_Hack_Squat/0.jpg', 3),
(108, 'Elevação Pélvica com Barra', 'https://raw.githubusercontent.com/yuhonas/free-exercise-db/main/exercises/Barbell_Hip_Thrust/0.jpg', 8),
(109, 'Supino Inclinado com Barra - Pegada Média', 'https://raw.githubusercontent.com/yuhonas/free-exercise-db/main/exercises/Barbell_Incline_Bench_Press_-_Medium_Grip/0.jpg', 1),
(110, 'Elevação de Ombros Inclinada com Barra', 'https://raw.githubusercontent.com/yuhonas/free-exercise-db/main/exercises/Barbell_Incline_Shoulder_Raise/0.jpg', 6),
(111, 'Afundo com Barra', 'https://raw.githubusercontent.com/yuhonas/free-exercise-db/main/exercises/Barbell_Lunge/0.jpg', 3),
(112, 'Remada Alta para Deltóides Posteriores com Barra', 'https://raw.githubusercontent.com/yuhonas/free-exercise-db/main/exercises/Barbell_Rear_Delt_Row/0.jpg', 6),
(113, 'Rollout com Barra a Partir do Banco', 'https://raw.githubusercontent.com/yuhonas/free-exercise-db/main/exercises/Barbell_Rollout_from_Bench/0.jpg', 7),
(114, 'Elevação de Panturrilha Sentado com Barra', 'https://raw.githubusercontent.com/yuhonas/free-exercise-db/main/exercises/Barbell_Seated_Calf_Raise/0.jpg', 10),
(115, 'Desenvolvimento Militar com Barra', 'https://raw.githubusercontent.com/yuhonas/free-exercise-db/main/exercises/Barbell_Shoulder_Press/0.jpg', 6),
(116, 'Encolhimento de Ombros com Barra', 'https://raw.githubusercontent.com/yuhonas/free-exercise-db/main/exercises/Barbell_Shrug/0.jpg', 2),
(117, 'Encolhimento com Barra Atrás das Costas', 'https://raw.githubusercontent.com/yuhonas/free-exercise-db/main/exercises/Barbell_Shrug_Behind_The_Back/0.jpg', 2),
(118, 'Inclinação Lateral com Barra', 'https://raw.githubusercontent.com/yuhonas/free-exercise-db/main/exercises/Barbell_Side_Bend/0.jpg', 7),
(119, 'Agachamento Lateral com Barra', 'https://raw.githubusercontent.com/yuhonas/free-exercise-db/main/exercises/Barbell_Side_Split_Squat/0.jpg', 3),
(120, 'Agachamento com Barra', 'https://raw.githubusercontent.com/yuhonas/free-exercise-db/main/exercises/Barbell_Squat/0.jpg', 3),
(121, 'Agachamento com Barra até o Banco', 'https://raw.githubusercontent.com/yuhonas/free-exercise-db/main/exercises/Barbell_Squat_To_A_Bench/0.jpg', 3),
(122, 'Step Up com Barra', 'https://raw.githubusercontent.com/yuhonas/free-exercise-db/main/exercises/Barbell_Step_Ups/0.jpg', 3),
(123, 'Afundo Caminhando com Barra', 'https://raw.githubusercontent.com/yuhonas/free-exercise-db/main/exercises/Barbell_Walking_Lunge/0.jpg', 3),
(124, 'Cordas de Batalha', 'https://raw.githubusercontent.com/yuhonas/free-exercise-db/main/exercises/Battling_Ropes/0.jpg', 6),
(125, 'Arrasto de Trenó em Posição de Urso', 'https://raw.githubusercontent.com/yuhonas/free-exercise-db/main/exercises/Bear_Crawl_Sled_Drags/0.jpg', 3),
(126, 'Alongamento de Peito Atrás da Cabeça', 'https://raw.githubusercontent.com/yuhonas/free-exercise-db/main/exercises/Behind_Head_Chest_Stretch/0.jpg', 1),
(127, 'Mergulho no Banco', 'https://raw.githubusercontent.com/yuhonas/free-exercise-db/main/exercises/Bench_Dips/0.jpg', 5),
(128, 'Salto no Banco', 'https://raw.githubusercontent.com/yuhonas/free-exercise-db/main/exercises/Bench_Jump/0.jpg', 3),
(129, 'Supino - Powerlifting', 'https://raw.githubusercontent.com/yuhonas/free-exercise-db/main/exercises/Bench_Press_-_Powerlifting/0.jpg', 5),
(130, 'Supino com Elásticos', 'https://raw.githubusercontent.com/yuhonas/free-exercise-db/main/exercises/Bench_Press_-_With_Bands/0.jpg', 1),
(131, 'Supino com Correntes', 'https://raw.githubusercontent.com/yuhonas/free-exercise-db/main/exercises/Bench_Press_with_Chains/0.jpg', 5),
(132, 'Corrida no Banco', 'https://raw.githubusercontent.com/yuhonas/free-exercise-db/main/exercises/Bench_Sprint/0.jpg', 3),
(133, 'Pullover com Halter e Braços Flexionados', 'https://raw.githubusercontent.com/yuhonas/free-exercise-db/main/exercises/Bent-Arm_Dumbbell_Pullover/0.jpg', 1),
(134, 'Elevação de Quadril com Joelhos Flexionados', 'https://raw.githubusercontent.com/yuhonas/free-exercise-db/main/exercises/Bent-Knee_Hip_Raise/0.jpg', 7),
(135, 'Elevação Posterior de Deltóide com Halteres Inclinado e Cabeça no Banco', 'https://raw.githubusercontent.com/yuhonas/free-exercise-db/main/exercises/Bent_Over_Dumbbell_Rear_Delt_Raise_With_Head_On_Bench/0.jpg', 6),
(136, 'Elevação Lateral Inclinada com Polia Baixa', 'https://raw.githubusercontent.com/yuhonas/free-exercise-db/main/exercises/Bent_Over_Low-Pulley_Side_Lateral/0.jpg', 6),
(137, 'Remada Curvada com Barra Longa e Um Braço', 'https://raw.githubusercontent.com/yuhonas/free-exercise-db/main/exercises/Bent_Over_One-Arm_Long_Bar_Row/0.jpg', 2),
(138, 'Remada Curvada com Barra Longa e Dois Braços', 'https://raw.githubusercontent.com/yuhonas/free-exercise-db/main/exercises/Bent_Over_Two-Arm_Long_Bar_Row/0.jpg', 2),
(139, 'Remada Curvada com Dois Halteres', 'https://raw.githubusercontent.com/yuhonas/free-exercise-db/main/exercises/Bent_Over_Two-Dumbbell_Row/0.jpg', 2),
(140, 'Remada Curvada com Dois Halteres e Palmas para Dentro', 'https://raw.githubusercontent.com/yuhonas/free-exercise-db/main/exercises/Bent_Over_Two-Dumbbell_Row_With_Palms_In/0.jpg', 2),
(141, 'Bent Press com Kettlebell', 'https://raw.githubusercontent.com/yuhonas/free-exercise-db/main/exercises/Bent_Press/0.jpg', 7),
(142, 'Ciclismo', 'https://raw.githubusercontent.com/yuhonas/free-exercise-db/main/exercises/Bicycling/0.jpg', 3),
(143, 'Ciclismo Estacionário', 'https://raw.githubusercontent.com/yuhonas/free-exercise-db/main/exercises/Bicycling_Stationary/0.jpg', 3),
(144, 'Supino com Tábuas', 'https://raw.githubusercontent.com/yuhonas/free-exercise-db/main/exercises/Board_Press/0.jpg', 5),
(145, 'Body-Up', 'https://raw.githubusercontent.com/yuhonas/free-exercise-db/main/exercises/Body-Up/0.jpg', 5),
(146, 'Tríceps Press Corporal', 'https://raw.githubusercontent.com/yuhonas/free-exercise-db/main/exercises/Body_Tricep_Press/0.jpg', 5),
(147, 'Flyes Corporal', 'https://raw.githubusercontent.com/yuhonas/free-exercise-db/main/exercises/Bodyweight_Flyes/0.jpg', 1),
(148, 'Remada Média Corporal', 'https://raw.githubusercontent.com/yuhonas/free-exercise-db/main/exercises/Bodyweight_Mid_Row/0.jpg', 2),
(149, 'Agachamento Corporal', 'https://raw.githubusercontent.com/yuhonas/free-exercise-db/main/exercises/Bodyweight_Squat/0.jpg', 3),
(150, 'Afundo Caminhando Corporal', 'https://raw.githubusercontent.com/yuhonas/free-exercise-db/main/exercises/Bodyweight_Walking_Lunge/0.jpg', 3),
(151, 'Crunch com Cabo e Bosu Ball com Flexões Laterais', 'https://raw.githubusercontent.com/yuhonas/free-exercise-db/main/exercises/Bosu_Ball_Cable_Crunch_With_Side_Bends/0.jpg', 7),
(152, 'Clean de Kettlebell Bottoms-Up da Posição Suspensa', 'https://raw.githubusercontent.com/yuhonas/free-exercise-db/main/exercises/Bottoms-Up_Clean_From_The_Hang_Position/0.jpg', 9),
(153, 'Bottoms-Up', 'https://raw.githubusercontent.com/yuhonas/free-exercise-db/main/exercises/Bottoms_Up/0.jpg', 7),
(154, 'Salto na Caixa (Resposta Múltipla)', 'https://raw.githubusercontent.com/yuhonas/free-exercise-db/main/exercises/Box_Jump_Multiple_Response/0.jpg', 3),
(155, 'Pulo na Caixa', 'https://raw.githubusercontent.com/yuhonas/free-exercise-db/main/exercises/Box_Skip/0.jpg', 3),
(156, 'Agachamento na Caixa', 'https://raw.githubusercontent.com/yuhonas/free-exercise-db/main/exercises/Box_Squat/0.jpg', 3),
(157, 'Agachamento na Caixa com Elásticos', 'https://raw.githubusercontent.com/yuhonas/free-exercise-db/main/exercises/Box_Squat_with_Bands/0.jpg', 3),
(158, 'Agachamento na Caixa com Correntes', 'https://raw.githubusercontent.com/yuhonas/free-exercise-db/main/exercises/Box_Squat_with_Chains/0.jpg', 3),
(159, 'Liberação Miofascial do Braquial', 'https://raw.githubusercontent.com/yuhonas/free-exercise-db/main/exercises/Brachialis-SMR/0.jpg', 4),
(160, 'Press Bradford/Rocky', 'https://raw.githubusercontent.com/yuhonas/free-exercise-db/main/exercises/Bradford_Rocky_Presses/0.jpg', 6),
(161, 'Elevação de Quadril', 'https://raw.githubusercontent.com/yuhonas/free-exercise-db/main/exercises/Butt-Ups/0.jpg', 7),
(162, 'Elevação de Quadril (Ponte)', 'https://raw.githubusercontent.com/yuhonas/free-exercise-db/main/exercises/Butt_Lift_Bridge/0.jpg', 8),
(163, 'Butterfly', 'https://raw.githubusercontent.com/yuhonas/free-exercise-db/main/exercises/Butterfly/0.jpg', 1),
(164, 'Press no Cabo', 'https://raw.githubusercontent.com/yuhonas/free-exercise-db/main/exercises/Cable_Chest_Press/0.jpg', 1),
(165, 'Crossover na Polia', 'https://raw.githubusercontent.com/yuhonas/free-exercise-db/main/exercises/Cable_Crossover/0.jpg', 1),
(166, 'Abdominal na Polia', 'https://raw.githubusercontent.com/yuhonas/free-exercise-db/main/exercises/Cable_Crunch/0.jpg', 7),
(167, 'Levantamento Terra na Polia', 'https://raw.githubusercontent.com/yuhonas/free-exercise-db/main/exercises/Cable_Deadlifts/0.jpg', 3),
(168, 'Rosca Martelo na Polia com Corda', 'https://raw.githubusercontent.com/yuhonas/free-exercise-db/main/exercises/Cable_Hammer_Curls_-_Rope_Attachment/0.jpg', 4),
(169, 'Adução de Quadril na Polia', 'https://raw.githubusercontent.com/yuhonas/free-exercise-db/main/exercises/Cable_Hip_Adduction/0.jpg', 3),
(170, 'Extensão de Tríceps Inclinada na Polia', 'https://raw.githubusercontent.com/yuhonas/free-exercise-db/main/exercises/Cable_Incline_Triceps_Extension/0.jpg', 5),
(171, 'Rotação Interna na Polia', 'https://raw.githubusercontent.com/yuhonas/free-exercise-db/main/exercises/Cable_Internal_Rotation/0.jpg', 6),
(172, 'Crucifixo na Polia (Iron Cross)', 'https://raw.githubusercontent.com/yuhonas/free-exercise-db/main/exercises/Cable_Iron_Cross/0.jpg', 1),
(173, 'Giro de Judô na Polia', 'https://raw.githubusercontent.com/yuhonas/free-exercise-db/main/exercises/Cable_Judo_Flip/0.jpg', 7),
(174, 'Tríceps Francês na Polia Deitado', 'https://raw.githubusercontent.com/yuhonas/free-exercise-db/main/exercises/Cable_Lying_Triceps_Extension/0.jpg', 5),
(175, 'Tríceps Pulley Unilateral', 'https://raw.githubusercontent.com/yuhonas/free-exercise-db/main/exercises/Cable_One_Arm_Tricep_Extension/0.jpg', 5),
(176, 'Rosca Scott na Polia', 'https://raw.githubusercontent.com/yuhonas/free-exercise-db/main/exercises/Cable_Preacher_Curl/0.jpg', 4),
(177, 'Crucifixo Inverso na Polia', 'https://raw.githubusercontent.com/yuhonas/free-exercise-db/main/exercises/Cable_Rear_Delt_Fly/0.jpg', 6),
(178, 'Abdominal Infra na Polia', 'https://raw.githubusercontent.com/yuhonas/free-exercise-db/main/exercises/Cable_Reverse_Crunch/0.jpg', 7),
(179, 'Tríceps Corda Acima da Cabeça', 'https://raw.githubusercontent.com/yuhonas/free-exercise-db/main/exercises/Cable_Rope_Overhead_Triceps_Extension/0.jpg', 5),
(180, 'Remada Alta com Corda para Deltóides Posteriores', 'https://raw.githubusercontent.com/yuhonas/free-exercise-db/main/exercises/Cable_Rope_Rear-Delt_Rows/0.jpg', 6),
(181, 'Rotação Russa na Polia', 'https://raw.githubusercontent.com/yuhonas/free-exercise-db/main/exercises/Cable_Russian_Twists/0.jpg', 7),
(182, 'Abdominal Sentado na Polia', 'https://raw.githubusercontent.com/yuhonas/free-exercise-db/main/exercises/Cable_Seated_Crunch/0.jpg', 7),
(183, 'Elevação Lateral Sentado na Polia', 'https://raw.githubusercontent.com/yuhonas/free-exercise-db/main/exercises/Cable_Seated_Lateral_Raise/0.jpg', 6),
(184, 'Desenvolvimento no Pulley', 'https://raw.githubusercontent.com/yuhonas/free-exercise-db/main/exercises/Cable_Shoulder_Press/0.jpg', 6),
(185, 'Encolhimento no Pulley', 'https://raw.githubusercontent.com/yuhonas/free-exercise-db/main/exercises/Cable_Shrugs/0.jpg', 2),
(186, 'Flexão de Punho no Pulley', 'https://raw.githubusercontent.com/yuhonas/free-exercise-db/main/exercises/Cable_Wrist_Curl/0.jpg', 9),
(187, 'Encolhimento de Ombros na Máquina de Panturrilha', 'https://raw.githubusercontent.com/yuhonas/free-exercise-db/main/exercises/Calf-Machine_Shoulder_Shrug/0.jpg', 2),
(188, 'Press de Panturrilha', 'https://raw.githubusercontent.com/yuhonas/free-exercise-db/main/exercises/Calf_Press/0.jpg', 10),
(189, 'Press de Panturrilha na Máquina de Leg Press', 'https://raw.githubusercontent.com/yuhonas/free-exercise-db/main/exercises/Calf_Press_On_The_Leg_Press_Machine/0.jpg', 10),
(190, 'Elevação de Panturrilha com Halter', 'https://raw.githubusercontent.com/yuhonas/free-exercise-db/main/exercises/Calf_Raise_On_A_Dumbbell/0.jpg', 10),
(191, 'Elevação de Panturrilha com Banda', 'https://raw.githubusercontent.com/yuhonas/free-exercise-db/main/exercises/Calf_Raises_-_With_Bands/0.jpg', 10),
(192, 'Alongamento de Panturrilha com Cotovelos na Parede', 'https://raw.githubusercontent.com/yuhonas/free-exercise-db/main/exercises/Calf_Stretch_Elbows_Against_Wall/0.jpg', 10),
(193, 'Alongamento de Panturrilha com Mãos na Parede', 'https://raw.githubusercontent.com/yuhonas/free-exercise-db/main/exercises/Calf_Stretch_Hands_Against_Wall/0.jpg', 10),
(194, 'Auto-Massagem na Panturrilha', 'https://raw.githubusercontent.com/yuhonas/free-exercise-db/main/exercises/Calves-SMR/0.jpg', 10),
(195, 'Levantamento Terra de Carro', 'https://raw.githubusercontent.com/yuhonas/free-exercise-db/main/exercises/Car_Deadlift/0.jpg', 3),
(196, 'Motoristas de Carro', 'https://raw.githubusercontent.com/yuhonas/free-exercise-db/main/exercises/Car_Drivers/0.jpg', 6),
(197, 'Passo Rápido Carioca', 'https://raw.githubusercontent.com/yuhonas/free-exercise-db/main/exercises/Carioca_Quick_Step/0.jpg', 3),
(198, 'Alongamento do Gato', 'https://raw.githubusercontent.com/yuhonas/free-exercise-db/main/exercises/Cat_Stretch/0.jpg', 2),
(199, 'Extensão com Alças e Correntes', 'https://raw.githubusercontent.com/yuhonas/free-exercise-db/main/exercises/Chain_Handle_Extension/0.jpg', 5),
(200, 'Supino com Correntes', 'https://raw.githubusercontent.com/yuhonas/free-exercise-db/main/exercises/Chain_Press/0.jpg', 1),
(201, 'Alongamento de Perna Estendida na Cadeira', 'https://raw.githubusercontent.com/yuhonas/free-exercise-db/main/exercises/Chair_Leg_Extended_Stretch/0.jpg', 3),
(202, 'Agachamento na Cadeira', 'https://raw.githubusercontent.com/yuhonas/free-exercise-db/main/exercises/Chair_Squat/0.jpg', 3),
(203, 'Alongamento da Parte Superior do Corpo na Cadeira', 'https://raw.githubusercontent.com/yuhonas/free-exercise-db/main/exercises/Chair_Upper_Body_Stretch/0.jpg', 6),
(204, 'Alongamento do Peito e Parte Dianteira do Ombro', 'https://raw.githubusercontent.com/yuhonas/free-exercise-db/main/exercises/Chest_And_Front_Of_Shoulder_Stretch/0.jpg', 1),
(205, 'Arremesso de Peito com Base de Três Pontos', 'https://raw.githubusercontent.com/yuhonas/free-exercise-db/main/exercises/Chest_Push_from_3_point_stance/0.jpg', 1),
(206, 'Arremesso de Peito (Resposta Múltipla)', 'https://raw.githubusercontent.com/yuhonas/free-exercise-db/main/exercises/Chest_Push_multiple_response/0.jpg', 1),
(207, 'Arremesso de Peito (Resposta Única)', 'https://raw.githubusercontent.com/yuhonas/free-exercise-db/main/exercises/Chest_Push_single_response/0.jpg', 1),
(208, 'Arremesso de Peito com Corrida Após o Lançamento', 'https://raw.githubusercontent.com/yuhonas/free-exercise-db/main/exercises/Chest_Push_with_Run_Release/0.jpg', 1),
(209, 'Alongamento do Peito na Bola de Estabilidade', 'https://raw.githubusercontent.com/yuhonas/free-exercise-db/main/exercises/Chest_Stretch_on_Stability_Ball/0.jpg', 1),
(210, 'Postura da Criança', 'https://raw.githubusercontent.com/yuhonas/free-exercise-db/main/exercises/Childs_Pose/0.jpg', 2),
(211, 'Circus Bell', 'https://raw.githubusercontent.com/yuhonas/free-exercise-db/main/exercises/Circus_Bell/0.jpg', 6),
(212, 'Clean', 'https://raw.githubusercontent.com/yuhonas/free-exercise-db/main/exercises/Clean/0.jpg', 3),
(213, 'Levantamento Terra para Clean', 'https://raw.githubusercontent.com/yuhonas/free-exercise-db/main/exercises/Clean_Deadlift/0.jpg', 3),
(214, 'Puxada para Clean', 'https://raw.githubusercontent.com/yuhonas/free-exercise-db/main/exercises/Clean_Pull/0.jpg', 3),
(215, 'Encolhimento para Clean', 'https://raw.githubusercontent.com/yuhonas/free-exercise-db/main/exercises/Clean_Shrug/0.jpg', 2),
(216, 'Clean e Arranco', 'https://raw.githubusercontent.com/yuhonas/free-exercise-db/main/exercises/Clean_and_Jerk/0.jpg', 6),
(217, 'Clean e Desenvolvimento', 'https://raw.githubusercontent.com/yuhonas/free-exercise-db/main/exercises/Clean_and_Press/0.jpg', 6),
(218, 'Clean a Partir de Blocos', 'https://raw.githubusercontent.com/yuhonas/free-exercise-db/main/exercises/Clean_from_Blocks/0.jpg', 3),
(219, 'Flexão em Relógio', 'https://raw.githubusercontent.com/yuhonas/free-exercise-db/main/exercises/Clock_Push-Up/0.jpg', 1),
(220, 'Supino Reto com Barra em Pegada Fechada', 'https://raw.githubusercontent.com/yuhonas/free-exercise-db/main/exercises/Close-Grip_Barbell_Bench_Press/0.jpg', 5),
(221, 'Supino com Halteres em Pegada Fechada', 'https://raw.githubusercontent.com/yuhonas/free-exercise-db/main/exercises/Close-Grip_Dumbbell_Press/0.jpg', 5),
(222, 'Rosca com Barra W em Pegada Fechada com Banda', 'https://raw.githubusercontent.com/yuhonas/free-exercise-db/main/exercises/Close-Grip_EZ-Bar_Curl_with_Band/0.jpg', 4),
(223, 'Supino com Barra W em Pegada Fechada', 'https://raw.githubusercontent.com/yuhonas/free-exercise-db/main/exercises/Close-Grip_EZ-Bar_Press/0.jpg', 5),
(224, 'Rosca com Barra W em Pegada Fechada', 'https://raw.githubusercontent.com/yuhonas/free-exercise-db/main/exercises/Close-Grip_EZ_Bar_Curl/0.jpg', 4),
(225, 'Flexão em Pegada Fechada com Halter', 'https://raw.githubusercontent.com/yuhonas/free-exercise-db/main/exercises/Close-Grip_Push-Up_off_of_a_Dumbbell/0.jpg', 5),
(226, 'Rosca com Barra em Pé em Pegada Fechada', 'https://raw.githubusercontent.com/yuhonas/free-exercise-db/main/exercises/Close-Grip_Standing_Barbell_Curl/0.jpg', 4),
(227, 'Abdominal Casulo', 'https://raw.githubusercontent.com/yuhonas/free-exercise-db/main/exercises/Cocoons/0.jpg', 7),
(228, 'Roda de Conan', 'https://raw.githubusercontent.com/yuhonas/free-exercise-db/main/exercises/Conans_Wheel/0.jpg', 3),
(229, 'Abdominal Cruzado', 'https://raw.githubusercontent.com/yuhonas/free-exercise-db/main/exercises/Cross-Body_Crunch/0.jpg', 7),
(230, 'Rosca Martelo Cruzada', 'https://raw.githubusercontent.com/yuhonas/free-exercise-db/main/exercises/Cross_Body_Hammer_Curl/0.jpg', 4),
(231, 'Crossover com Faixas Elásticas', 'https://raw.githubusercontent.com/yuhonas/free-exercise-db/main/exercises/Cross_Over_-_With_Bands/0.jpg', 1),
(232, 'Afundo Reverso Cruzado', 'https://raw.githubusercontent.com/yuhonas/free-exercise-db/main/exercises/Crossover_Reverse_Lunge/0.jpg', 2),
(233, 'Crucifixo', 'https://raw.githubusercontent.com/yuhonas/free-exercise-db/main/exercises/Crucifix/0.jpg', 6),
(234, 'Abdominal com Mãos Acima da Cabeça', 'https://raw.githubusercontent.com/yuhonas/free-exercise-db/main/exercises/Crunch_-_Hands_Overhead/0.jpg', 7),
(235, 'Abdominal com Pernas na Bola', 'https://raw.githubusercontent.com/yuhonas/free-exercise-db/main/exercises/Crunch_-_Legs_On_Exercise_Ball/0.jpg', 7),
(236, 'Abdominais', 'https://raw.githubusercontent.com/yuhonas/free-exercise-db/main/exercises/Crunches/0.jpg', 7),
(237, 'Cuban Press', 'https://raw.githubusercontent.com/yuhonas/free-exercise-db/main/exercises/Cuban_Press/0.jpg', 6),
(238, 'Alongamento do Dançarino', 'https://raw.githubusercontent.com/yuhonas/free-exercise-db/main/exercises/Dancers_Stretch/0.jpg', 2),
(239, 'Inseto Morto', 'https://raw.githubusercontent.com/yuhonas/free-exercise-db/main/exercises/Dead_Bug/0.jpg', 7),
(240, 'Levantamento Terra com Elásticos', 'https://raw.githubusercontent.com/yuhonas/free-exercise-db/main/exercises/Deadlift_with_Bands/0.jpg', 2),
(241, 'Levantamento Terra com Correntes', 'https://raw.githubusercontent.com/yuhonas/free-exercise-db/main/exercises/Deadlift_with_Chains/0.jpg', 2),
(242, 'Supino Declinado com Barra', 'https://raw.githubusercontent.com/yuhonas/free-exercise-db/main/exercises/Decline_Barbell_Bench_Press/0.jpg', 1),
(243, 'Supino Declinado com Pegada Fechada e Tríceps Testa', 'https://raw.githubusercontent.com/yuhonas/free-exercise-db/main/exercises/Decline_Close-Grip_Bench_To_Skull_Crusher/0.jpg', 5),
(244, 'Abdominal Declinado', 'https://raw.githubusercontent.com/yuhonas/free-exercise-db/main/exercises/Decline_Crunch/0.jpg', 7),
(245, 'Crucifixo Declinado com Halteres', 'https://raw.githubusercontent.com/yuhonas/free-exercise-db/main/exercises/Decline_Dumbbell_Flyes/0.jpg', 1),
(246, 'Extensão de Tríceps Declinada com Halteres', 'https://raw.githubusercontent.com/yuhonas/free-exercise-db/main/exercises/Decline_Dumbbell_Triceps_Extension/0.jpg', 5),
(247, 'Tríceps Francês no Banco Declinado com Barra W', 'https://raw.githubusercontent.com/yuhonas/free-exercise-db/main/exercises/Decline_EZ_Bar_Triceps_Extension/0.jpg', 5),
(248, 'Crunch Oblíquo no Banco Declinado', 'https://raw.githubusercontent.com/yuhonas/free-exercise-db/main/exercises/Decline_Oblique_Crunch/0.jpg', 7),
(249, 'Flexão no Banco Declinado', 'https://raw.githubusercontent.com/yuhonas/free-exercise-db/main/exercises/Decline_Push-Up/0.jpg', 1),
(250, 'Crunch Inverso no Banco Declinado', 'https://raw.githubusercontent.com/yuhonas/free-exercise-db/main/exercises/Decline_Reverse_Crunch/0.jpg', 7),
(251, 'Supino no Smith com Banco Declinado', 'https://raw.githubusercontent.com/yuhonas/free-exercise-db/main/exercises/Decline_Smith_Press/0.jpg', 1),
(252, 'Levantamento Terra com Déficit', 'https://raw.githubusercontent.com/yuhonas/free-exercise-db/main/exercises/Deficit_Deadlift/0.jpg', 2),
(253, 'Salto em Profundidade com Salto', 'https://raw.githubusercontent.com/yuhonas/free-exercise-db/main/exercises/Depth_Jump_Leap/0.jpg', 3),
(254, 'Máquina de Mergulho', 'https://raw.githubusercontent.com/yuhonas/free-exercise-db/main/exercises/Dip_Machine/0.jpg', 5),
(255, 'Mergulho - Versão Peitoral', 'https://raw.githubusercontent.com/yuhonas/free-exercise-db/main/exercises/Dips_-_Chest_Version/0.jpg', 1),
(256, 'Mergulho - Versão Tríceps', 'https://raw.githubusercontent.com/yuhonas/free-exercise-db/main/exercises/Dips_-_Triceps_Version/0.jpg', 5),
(257, 'Elevação de Panturrilha no Aparelho', 'https://raw.githubusercontent.com/yuhonas/free-exercise-db/main/exercises/Donkey_Calf_Raises/0.jpg', 10),
(258, 'Clean Alternado com Duas Kettlebells em Suspensão', 'https://raw.githubusercontent.com/yuhonas/free-exercise-db/main/exercises/Double_Kettlebell_Alternating_Hang_Clean/0.jpg', 3),
(259, 'Jerk com Duas Kettlebells', 'https://raw.githubusercontent.com/yuhonas/free-exercise-db/main/exercises/Double_Kettlebell_Jerk/0.jpg', 6),
(260, 'Push Press com Duas Kettlebells', 'https://raw.githubusercontent.com/yuhonas/free-exercise-db/main/exercises/Double_Kettlebell_Push_Press/0.jpg', 6),
(261, 'Snatch com Duas Kettlebells', 'https://raw.githubusercontent.com/yuhonas/free-exercise-db/main/exercises/Double_Kettlebell_Snatch/0.jpg', 6),
(262, 'Windmill com Duas Kettlebells', 'https://raw.githubusercontent.com/yuhonas/free-exercise-db/main/exercises/Double_Kettlebell_Windmill/0.jpg', 7),
(263, 'Chute no Glúteo com Duas Pernas', 'https://raw.githubusercontent.com/yuhonas/free-exercise-db/main/exercises/Double_Leg_Butt_Kick/0.jpg', 3),
(264, 'Equilíbrio em Posição de Cachorro Olhando para Baixo', 'https://raw.githubusercontent.com/yuhonas/free-exercise-db/main/exercises/Downward_Facing_Balance/0.jpg', 8),
(265, 'Rosca Drag', 'https://raw.githubusercontent.com/yuhonas/free-exercise-db/main/exercises/Drag_Curl/0.jpg', 4),
(266, 'Flexão com Queda', 'https://raw.githubusercontent.com/yuhonas/free-exercise-db/main/exercises/Drop_Push/0.jpg', 1),
(267, 'Supino com Halteres', 'https://raw.githubusercontent.com/yuhonas/free-exercise-db/main/exercises/Dumbbell_Bench_Press/0.jpg', 1),
(268, 'Supino com Halteres e Pegada Neutra', 'https://raw.githubusercontent.com/yuhonas/free-exercise-db/main/exercises/Dumbbell_Bench_Press_with_Neutral_Grip/0.jpg', 1),
(269, 'Rosca Bíceps com Halteres', 'https://raw.githubusercontent.com/yuhonas/free-exercise-db/main/exercises/Dumbbell_Bicep_Curl/0.jpg', 4),
(270, 'Arranco com Halteres', 'https://raw.githubusercontent.com/yuhonas/free-exercise-db/main/exercises/Dumbbell_Clean/0.jpg', 3),
(271, 'Supino no Chão com Halteres', 'https://raw.githubusercontent.com/yuhonas/free-exercise-db/main/exercises/Dumbbell_Floor_Press/0.jpg', 5),
(272, 'Crucifixo com Halteres', 'https://raw.githubusercontent.com/yuhonas/free-exercise-db/main/exercises/Dumbbell_Flyes/0.jpg', 1),
(273, 'Remada Inclinada com Halteres', 'https://raw.githubusercontent.com/yuhonas/free-exercise-db/main/exercises/Dumbbell_Incline_Row/0.jpg', 2),
(274, 'Elevação de Ombros Inclinada com Halteres', 'https://raw.githubusercontent.com/yuhonas/free-exercise-db/main/exercises/Dumbbell_Incline_Shoulder_Raise/0.jpg', 6),
(275, 'Elevação Lateral Posterior com Halter Deitado Unilateral', 'https://raw.githubusercontent.com/yuhonas/free-exercise-db/main/exercises/Dumbbell_Lying_One-Arm_Rear_Lateral_Raise/0.jpg', 6),
(276, 'Pronação com Halter Deitado', 'https://raw.githubusercontent.com/yuhonas/free-exercise-db/main/exercises/Dumbbell_Lying_Pronation/0.jpg', 9),
(277, 'Elevação Lateral Posterior com Halteres Deitado', 'https://raw.githubusercontent.com/yuhonas/free-exercise-db/main/exercises/Dumbbell_Lying_Rear_Lateral_Raise/0.jpg', 6),
(278, 'Supinação com Halter Deitado Lateral', 'https://raw.githubusercontent.com/yuhonas/free-exercise-db/main/exercises/Dumbbell_Lying_Supination/0.jpg', 9),
(279, 'Desenvolvimento de Ombros com Halter Unilateral', 'https://raw.githubusercontent.com/yuhonas/free-exercise-db/main/exercises/Dumbbell_One-Arm_Shoulder_Press/0.jpg', 6),
(280, 'Extensão de Tríceps com Halter Unilateral', 'https://raw.githubusercontent.com/yuhonas/free-exercise-db/main/exercises/Dumbbell_One-Arm_Triceps_Extension/0.jpg', 5),
(281, 'Remada Alta com Halter Unilateral', 'https://raw.githubusercontent.com/yuhonas/free-exercise-db/main/exercises/Dumbbell_One-Arm_Upright_Row/0.jpg', 6),
(282, 'Rosca Inclinada com Halteres Deitado', 'https://raw.githubusercontent.com/yuhonas/free-exercise-db/main/exercises/Dumbbell_Prone_Incline_Curl/0.jpg', 4),
(283, 'Afundo Posterior com Halteres', 'https://raw.githubusercontent.com/yuhonas/free-exercise-db/main/exercises/Dumbbell_Rear_Lunge/0.jpg', 3),
(284, 'Elevação Frontal com Halteres em 30 Graus', 'https://raw.githubusercontent.com/yuhonas/free-exercise-db/main/exercises/Dumbbell_Scaption/0.jpg', 6),
(285, 'Salto na Caixa Sentado com Halteres', 'https://raw.githubusercontent.com/yuhonas/free-exercise-db/main/exercises/Dumbbell_Seated_Box_Jump/0.jpg', 3),
(286, 'Panturrilha Sentado com Uma Perna e Halteres', 'https://raw.githubusercontent.com/yuhonas/free-exercise-db/main/exercises/Dumbbell_Seated_One-Leg_Calf_Raise/0.jpg', 10),
(287, 'Desenvolvimento de Ombros com Halteres', 'https://raw.githubusercontent.com/yuhonas/free-exercise-db/main/exercises/Dumbbell_Shoulder_Press/0.jpg', 6),
(288, 'Encolhimento de Ombros com Halteres', 'https://raw.githubusercontent.com/yuhonas/free-exercise-db/main/exercises/Dumbbell_Shrug/0.jpg', 2),
(289, 'Inclinação Lateral com Halteres', 'https://raw.githubusercontent.com/yuhonas/free-exercise-db/main/exercises/Dumbbell_Side_Bend/0.jpg', 7),
(290, 'Agachamento com Halteres', 'https://raw.githubusercontent.com/yuhonas/free-exercise-db/main/exercises/Dumbbell_Squat/0.jpg', 3),
(291, 'Agachamento até o Banco com Halteres', 'https://raw.githubusercontent.com/yuhonas/free-exercise-db/main/exercises/Dumbbell_Squat_To_A_Bench/0.jpg', 3),
(292, 'Step Up com Halteres', 'https://raw.githubusercontent.com/yuhonas/free-exercise-db/main/exercises/Dumbbell_Step_Ups/0.jpg', 3),
(293, 'Extensão de Tríceps com Halteres - Pegada Pronada', 'https://raw.githubusercontent.com/yuhonas/free-exercise-db/main/exercises/Dumbbell_Tricep_Extension_-Pronated_Grip/0.jpg', 5),
(294, 'Alongamento Dinâmico do Peito', 'https://raw.githubusercontent.com/yuhonas/free-exercise-db/main/exercises/Dynamic_Chest_Stretch/0.jpg', 1),
(295, 'Rosca com Barra W', 'https://raw.githubusercontent.com/yuhonas/free-exercise-db/main/exercises/EZ-Bar_Curl/0.jpg', 4),
(296, 'Círculos com os Cotovelos', 'https://raw.githubusercontent.com/yuhonas/free-exercise-db/main/exercises/Elbow_Circles/0.jpg', 6),
(297, 'Cotovelo no Joelho', 'https://raw.githubusercontent.com/yuhonas/free-exercise-db/main/exercises/Elbow_to_Knee/0.jpg', 7),
(298, 'Cotovelos para Trás', 'https://raw.githubusercontent.com/yuhonas/free-exercise-db/main/exercises/Elbows_Back/0.jpg', 1),
(299, 'Afundo Posterior Elevado', 'https://raw.githubusercontent.com/yuhonas/free-exercise-db/main/exercises/Elevated_Back_Lunge/0.jpg', 3),
(300, 'Elíptico', 'https://raw.githubusercontent.com/yuhonas/free-exercise-db/main/exercises/Elliptical_Trainer/0.jpg', 3),
(301, 'Abdominal na Bola Suíça', 'https://raw.githubusercontent.com/yuhonas/free-exercise-db/main/exercises/Exercise_Ball_Crunch/0.jpg', 7),
(302, 'Flexão de Joelhos na Bola Suíça', 'https://raw.githubusercontent.com/yuhonas/free-exercise-db/main/exercises/Exercise_Ball_Pull-In/0.jpg', 7),
(303, 'Pressão de Kettlebell no Chão com Amplitude Estendida Unilateral', 'https://raw.githubusercontent.com/yuhonas/free-exercise-db/main/exercises/Extended_Range_One-Arm_Kettlebell_Floor_Press/0.jpg', 1),
(304, 'Rotação Externa com Halter', 'https://raw.githubusercontent.com/yuhonas/free-exercise-db/main/exercises/External_Rotation/0.jpg', 6),
(305, 'Rotação Externa com Banda', 'https://raw.githubusercontent.com/yuhonas/free-exercise-db/main/exercises/External_Rotation_with_Band/0.jpg', 6),
(306, 'Rotação Externa no Cable', 'https://raw.githubusercontent.com/yuhonas/free-exercise-db/main/exercises/External_Rotation_with_Cable/0.jpg', 6),
(307, 'Face Pull', 'https://raw.githubusercontent.com/yuhonas/free-exercise-db/main/exercises/Face_Pull/0.jpg', 6),
(308, 'Caminhada do Fazendeiro', 'https://raw.githubusercontent.com/yuhonas/free-exercise-db/main/exercises/Farmers_Walk/0.jpg', 9),
(309, 'Polichinelo Rápido', 'https://raw.githubusercontent.com/yuhonas/free-exercise-db/main/exercises/Fast_Skipping/0.jpg', 3),
(310, 'Rosca de Dedos', 'https://raw.githubusercontent.com/yuhonas/free-exercise-db/main/exercises/Finger_Curls/0.jpg', 9),
(311, 'Crucifixo no Cabo com Banco Plano', 'https://raw.githubusercontent.com/yuhonas/free-exercise-db/main/exercises/Flat_Bench_Cable_Flyes/0.jpg', 1),
(312, 'Puxada de Joelho no Banco Plano', 'https://raw.githubusercontent.com/yuhonas/free-exercise-db/main/exercises/Flat_Bench_Leg_Pull-In/0.jpg', 7),
(313, 'Elevação de Pernas no Banco Plano', 'https://raw.githubusercontent.com/yuhonas/free-exercise-db/main/exercises/Flat_Bench_Lying_Leg_Raise/0.jpg', 7),
(314, 'Rosca Scott com Halteres no Banco Inclinado', 'https://raw.githubusercontent.com/yuhonas/free-exercise-db/main/exercises/Flexor_Incline_Dumbbell_Curls/0.jpg', 4),
(315, 'Elevação Glúteo-Isquiostibial no Chão', 'https://raw.githubusercontent.com/yuhonas/free-exercise-db/main/exercises/Floor_Glute-Ham_Raise/0.jpg', 3),
(316, 'Supino no Chão', 'https://raw.githubusercontent.com/yuhonas/free-exercise-db/main/exercises/Floor_Press/0.jpg', 5),
(317, 'Supino no Chão com Correntes', 'https://raw.githubusercontent.com/yuhonas/free-exercise-db/main/exercises/Floor_Press_with_Chains/0.jpg', 5),
(318, 'Chutes Alternados', 'https://raw.githubusercontent.com/yuhonas/free-exercise-db/main/exercises/Flutter_Kicks/0.jpg', 8),
(319, 'Liberação Miofascial do Pé', 'https://raw.githubusercontent.com/yuhonas/free-exercise-db/main/exercises/Foot-SMR/0.jpg', 10),
(320, 'Arrasto para Frente com Pressão', 'https://raw.githubusercontent.com/yuhonas/free-exercise-db/main/exercises/Forward_Drag_with_Press/0.jpg', 1),
(321, 'Agachamento Frankenstein', 'https://raw.githubusercontent.com/yuhonas/free-exercise-db/main/exercises/Frankenstein_Squat/0.jpg', 3),
(322, 'Agachamento com Salto Livre', 'https://raw.githubusercontent.com/yuhonas/free-exercise-db/main/exercises/Freehand_Jump_Squat/0.jpg', 3),
(323, 'Saltos de Sapo', 'https://raw.githubusercontent.com/yuhonas/free-exercise-db/main/exercises/Frog_Hops/0.jpg', 3),
(324, 'Abdominais de Sapo', 'https://raw.githubusercontent.com/yuhonas/free-exercise-db/main/exercises/Frog_Sit-Ups/0.jpg', 7),
(325, 'Agachamento Frontal com Barra', 'https://raw.githubusercontent.com/yuhonas/free-exercise-db/main/exercises/Front_Barbell_Squat/0.jpg', 3),
(326, 'Agachamento Frontal com Barra até um Banco', 'https://raw.githubusercontent.com/yuhonas/free-exercise-db/main/exercises/Front_Barbell_Squat_To_A_Bench/0.jpg', 3),
(327, 'Salto na Caixa Frontal', 'https://raw.githubusercontent.com/yuhonas/free-exercise-db/main/exercises/Front_Box_Jump/0.jpg', 3),
(328, 'Elevação Frontal no Pulley', 'https://raw.githubusercontent.com/yuhonas/free-exercise-db/main/exercises/Front_Cable_Raise/0.jpg', 6),
(329, 'Saltos Frontais sobre Cones (ou obstáculos)', 'https://raw.githubusercontent.com/yuhonas/free-exercise-db/main/exercises/Front_Cone_Hops_or_hurdle_hops/0.jpg', 3),
(330, 'Elevação Frontal com Halteres no Banco Inclinado', 'https://raw.githubusercontent.com/yuhonas/free-exercise-db/main/exercises/Front_Incline_Dumbbell_Raise/0.jpg', 6),
(331, 'Elevação de Perna Frontal', 'https://raw.githubusercontent.com/yuhonas/free-exercise-db/main/exercises/Front_Leg_Raises/0.jpg', 3),
(332, 'Elevação Frontal com Anilha', 'https://raw.githubusercontent.com/yuhonas/free-exercise-db/main/exercises/Front_Plate_Raise/0.jpg', 6),
(333, 'Elevação Frontal e Pullover', 'https://raw.githubusercontent.com/yuhonas/free-exercise-db/main/exercises/Front_Raise_And_Pullover/0.jpg', 1),
(334, 'Agachamento Frontal (Pegada de Arranco)', 'https://raw.githubusercontent.com/yuhonas/free-exercise-db/main/exercises/Front_Squat_Clean_Grip/0.jpg', 3),
(335, 'Agachamento Frontal com Dois Kettlebells', 'https://raw.githubusercontent.com/yuhonas/free-exercise-db/main/exercises/Front_Squats_With_Two_Kettlebells/0.jpg', 3),
(336, 'Elevação Frontal com Dois Halteres', 'https://raw.githubusercontent.com/yuhonas/free-exercise-db/main/exercises/Front_Two-Dumbbell_Raise/0.jpg', 6),
(337, 'Glute-Ham Raise', 'https://raw.githubusercontent.com/yuhonas/free-exercise-db/main/exercises/Glute_Ham_Raise/0.jpg', 3),
(338, 'Coice de Glúteo', 'https://raw.githubusercontent.com/yuhonas/free-exercise-db/main/exercises/Glute_Kickback/0.jpg', 8),
(339, 'Agachamento Goblet', 'https://raw.githubusercontent.com/yuhonas/free-exercise-db/main/exercises/Goblet_Squat/0.jpg', 3),
(340, 'Bom Dia', 'https://raw.githubusercontent.com/yuhonas/free-exercise-db/main/exercises/Good_Morning/0.jpg', 3),
(341, 'Bom Dia a Partir dos Pinos', 'https://raw.githubusercontent.com/yuhonas/free-exercise-db/main/exercises/Good_Morning_off_Pins/0.jpg', 3),
(342, 'Barra Fixa com Abdominal Gorila', 'https://raw.githubusercontent.com/yuhonas/free-exercise-db/main/exercises/Gorilla_Chin_Crunch/0.jpg', 7),
(343, 'Alongamento de Virilha e Costas', 'https://raw.githubusercontent.com/yuhonas/free-exercise-db/main/exercises/Groin_and_Back_Stretch/0.jpg', 3),
(344, 'Groiners', 'https://raw.githubusercontent.com/yuhonas/free-exercise-db/main/exercises/Groiners/0.jpg', 3),
(345, 'Agachamento Hack', 'https://raw.githubusercontent.com/yuhonas/free-exercise-db/main/exercises/Hack_Squat/0.jpg', 3),
(346, 'Supino Inclinado com Halteres em Pegada Neutra', 'https://raw.githubusercontent.com/yuhonas/free-exercise-db/main/exercises/Hammer_Grip_Incline_DB_Bench_Press/0.jpg', 1),
(347, 'Auto-Massagem de Isquiotibiais', 'https://raw.githubusercontent.com/yuhonas/free-exercise-db/main/exercises/Hamstring-SMR/0.jpg', 3),
(348, 'Alongamento de Isquiotibiais', 'https://raw.githubusercontent.com/yuhonas/free-exercise-db/main/exercises/Hamstring_Stretch/0.jpg', 3),
(349, 'Flexões de Mão (Handstand Push-Ups)', 'https://raw.githubusercontent.com/yuhonas/free-exercise-db/main/exercises/Handstand_Push-Ups/0.jpg', 6),
(350, 'Arranco Parado (Hang Clean)', 'https://raw.githubusercontent.com/yuhonas/free-exercise-db/main/exercises/Hang_Clean/0.jpg', 3),
(351, 'Arranco Parado - Abaixo dos Joelhos', 'https://raw.githubusercontent.com/yuhonas/free-exercise-db/main/exercises/Hang_Clean_-_Below_the_Knees/0.jpg', 3),
(352, 'Arremesso Parado (Hang Snatch)', 'https://raw.githubusercontent.com/yuhonas/free-exercise-db/main/exercises/Hang_Snatch/0.jpg', 3),
(353, 'Arremesso Parado - Abaixo dos Joelhos', 'https://raw.githubusercontent.com/yuhonas/free-exercise-db/main/exercises/Hang_Snatch_-_Below_Knees/0.jpg', 3),
(354, 'Bom Dia com Barra Suspensa', 'https://raw.githubusercontent.com/yuhonas/free-exercise-db/main/exercises/Hanging_Bar_Good_Morning/0.jpg', 3),
(355, 'Elevação de Pernas na Barra', 'https://raw.githubusercontent.com/yuhonas/free-exercise-db/main/exercises/Hanging_Leg_Raise/0.jpg', 7),
(356, 'Pike Suspenso', 'https://raw.githubusercontent.com/yuhonas/free-exercise-db/main/exercises/Hanging_Pike/0.jpg', 7),
(357, 'Snatch Balance com Impulso', 'https://raw.githubusercontent.com/yuhonas/free-exercise-db/main/exercises/Heaving_Snatch_Balance/0.jpg', 3),
(358, 'Empurrão no Saco Pesado', 'https://raw.githubusercontent.com/yuhonas/free-exercise-db/main/exercises/Heavy_Bag_Thrust/0.jpg', 1),
(359, 'Rosca com Cabos Altos', 'https://raw.githubusercontent.com/yuhonas/free-exercise-db/main/exercises/High_Cable_Curls/0.jpg', 4),
(360, 'Círculos de Quadril (de quatro)', 'https://raw.githubusercontent.com/yuhonas/free-exercise-db/main/exercises/Hip_Circles_prone/0.jpg', 3),
(361, 'Extensão de Quadril com Banda', 'https://raw.githubusercontent.com/yuhonas/free-exercise-db/main/exercises/Hip_Extension_with_Bands/0.jpg', 8),
(362, 'Flexão de Quadril com Banda', 'https://raw.githubusercontent.com/yuhonas/free-exercise-db/main/exercises/Hip_Flexion_with_Band/0.jpg', 3),
(363, 'Elevação de Quadril com Banda', 'https://raw.githubusercontent.com/yuhonas/free-exercise-db/main/exercises/Hip_Lift_with_Band/0.jpg', 8),
(364, 'Abraçar a Bola', 'https://raw.githubusercontent.com/yuhonas/free-exercise-db/main/exercises/Hug_A_Ball/0.jpg', 2),
(365, 'Abraçar Joelhos no Peito', 'https://raw.githubusercontent.com/yuhonas/free-exercise-db/main/exercises/Hug_Knees_To_Chest/0.jpg', 2),
(366, 'Saltos sobre Barreiras', 'https://raw.githubusercontent.com/yuhonas/free-exercise-db/main/exercises/Hurdle_Hops/0.jpg', 3),
(367, 'Hiperextensões (Extensões Lombares)', 'https://raw.githubusercontent.com/yuhonas/free-exercise-db/main/exercises/Hyperextensions_Back_Extensions/0.jpg', 2),
(368, 'Hiperextensões Sem Banco de Hiperextensão', 'https://raw.githubusercontent.com/yuhonas/free-exercise-db/main/exercises/Hyperextensions_With_No_Hyperextension_Bench/0.jpg', 2),
(369, 'Alongamento de Banda Iliotibial e Glúteo', 'https://raw.githubusercontent.com/yuhonas/free-exercise-db/main/exercises/IT_Band_and_Glute_Stretch/0.jpg', 3),
(370, 'Liberação Miofascial da Banda Iliotibial', 'https://raw.githubusercontent.com/yuhonas/free-exercise-db/main/exercises/Iliotibial_Tract-SMR/0.jpg', 3),
(371, 'Lagarta', 'https://raw.githubusercontent.com/yuhonas/free-exercise-db/main/exercises/Inchworm/0.jpg', 3),
(372, 'Extensão de Tríceps com Barra em Inclinação', 'https://raw.githubusercontent.com/yuhonas/free-exercise-db/main/exercises/Incline_Barbell_Triceps_Extension/0.jpg', 5),
(373, 'Puxada em Banco Inclinado', 'https://raw.githubusercontent.com/yuhonas/free-exercise-db/main/exercises/Incline_Bench_Pull/0.jpg', 2),
(374, 'Press no Peito com Cabos em Inclinação', 'https://raw.githubusercontent.com/yuhonas/free-exercise-db/main/exercises/Incline_Cable_Chest_Press/0.jpg', 1);
INSERT INTO `exercicios` (`id`, `nome`, `gif_url`, `grupo_muscular_id`) VALUES
(375, 'Fly com Cabos em Inclinação', 'https://raw.githubusercontent.com/yuhonas/free-exercise-db/main/exercises/Incline_Cable_Flye/0.jpg', 1),
(376, 'Supino com Halteres em Inclinação e Palmas Voltadas para Dentro', 'https://raw.githubusercontent.com/yuhonas/free-exercise-db/main/exercises/Incline_Dumbbell_Bench_With_Palms_Facing_In/0.jpg', 1),
(377, 'Rosca Inclinada com Halteres', 'https://raw.githubusercontent.com/yuhonas/free-exercise-db/main/exercises/Incline_Dumbbell_Curl/0.jpg', 4),
(378, 'Crucifixo Inclinado com Halteres - Com Torção', 'https://raw.githubusercontent.com/yuhonas/free-exercise-db/main/exercises/Incline_Dumbbell_Flyes_-_With_A_Twist/0.jpg', 1),
(379, 'Rosca Martelo Inclinada', 'https://raw.githubusercontent.com/yuhonas/free-exercise-db/main/exercises/Incline_Hammer_Curls/0.jpg', 4),
(380, 'Rosca Inclinada para Bíceps Interno', 'https://raw.githubusercontent.com/yuhonas/free-exercise-db/main/exercises/Incline_Inner_Biceps_Curl/0.jpg', 4),
(381, 'Flexão Inclinada', 'https://raw.githubusercontent.com/yuhonas/free-exercise-db/main/exercises/Incline_Push-Up/0.jpg', 1),
(382, 'Flexão Inclinada com Pegada Fechada', 'https://raw.githubusercontent.com/yuhonas/free-exercise-db/main/exercises/Incline_Push-Up_Close-Grip/0.jpg', 5),
(383, 'Salto em Profundidade com Flexão Inclinada', 'https://raw.githubusercontent.com/yuhonas/free-exercise-db/main/exercises/Incline_Push-Up_Depth_Jump/0.jpg', 1),
(384, 'Flexão Inclinada com Pegada Média', 'https://raw.githubusercontent.com/yuhonas/free-exercise-db/main/exercises/Incline_Push-Up_Medium/0.jpg', 1),
(385, 'Flexão Inclinada com Pegada Invertida', 'https://raw.githubusercontent.com/yuhonas/free-exercise-db/main/exercises/Incline_Push-Up_Reverse_Grip/0.jpg', 1),
(386, 'Flexão Inclinada com Pegada Larga', 'https://raw.githubusercontent.com/yuhonas/free-exercise-db/main/exercises/Incline_Push-Up_Wide/0.jpg', 1),
(387, 'Alongamento Intermediário de Virilha', 'https://raw.githubusercontent.com/yuhonas/free-exercise-db/main/exercises/Intermediate_Groin_Stretch/0.jpg', 3),
(388, 'Alongamento Intermediário de Flexores do Quadril e Quadríceps', 'https://raw.githubusercontent.com/yuhonas/free-exercise-db/main/exercises/Intermediate_Hip_Flexor_and_Quad_Stretch/0.jpg', 3),
(389, 'Rotação Interna com Faixa', 'https://raw.githubusercontent.com/yuhonas/free-exercise-db/main/exercises/Internal_Rotation_with_Band/0.jpg', 6),
(390, 'Remada Invertida', 'https://raw.githubusercontent.com/yuhonas/free-exercise-db/main/exercises/Inverted_Row/0.jpg', 2),
(391, 'Remada Invertida com Alças', 'https://raw.githubusercontent.com/yuhonas/free-exercise-db/main/exercises/Inverted_Row_with_Straps/0.jpg', 2),
(392, 'Iron Cross', 'https://raw.githubusercontent.com/yuhonas/free-exercise-db/main/exercises/Iron_Cross/0.jpg', 6),
(393, 'Iron Crosses (alongamento)', 'https://raw.githubusercontent.com/yuhonas/free-exercise-db/main/exercises/Iron_Crosses_stretch/0.jpg', 3),
(394, 'Compressões Isométricas do Peito', 'https://raw.githubusercontent.com/yuhonas/free-exercise-db/main/exercises/Isometric_Chest_Squeezes/0.jpg', 1),
(395, 'Isométrico Limpador de Para-brisa', 'https://raw.githubusercontent.com/yuhonas/free-exercise-db/main/exercises/Isometric_Wipers/0.jpg', 1),
(396, 'JM Press', 'https://raw.githubusercontent.com/yuhonas/free-exercise-db/main/exercises/JM_Press/0.jpg', 5),
(397, 'Abdominal Canivete', 'https://raw.githubusercontent.com/yuhonas/free-exercise-db/main/exercises/Jackknife_Sit-Up/0.jpg', 7),
(398, 'Abdominal Janda', 'https://raw.githubusercontent.com/yuhonas/free-exercise-db/main/exercises/Janda_Sit-Up/0.jpg', 7),
(399, 'Agachamento Jefferson', 'https://raw.githubusercontent.com/yuhonas/free-exercise-db/main/exercises/Jefferson_Squats/0.jpg', 3),
(400, 'Balanceamento no Arranco', 'https://raw.githubusercontent.com/yuhonas/free-exercise-db/main/exercises/Jerk_Balance/0.jpg', 6),
(401, 'Agachamento no Fundo do Arranco', 'https://raw.githubusercontent.com/yuhonas/free-exercise-db/main/exercises/Jerk_Dip_Squat/0.jpg', 3),
(402, 'Corrida na Esteira', 'https://raw.githubusercontent.com/yuhonas/free-exercise-db/main/exercises/Jogging_Treadmill/0.jpg', 3),
(403, 'Carregamento de Barril', 'https://raw.githubusercontent.com/yuhonas/free-exercise-db/main/exercises/Keg_Load/0.jpg', 2),
(404, 'Press Arnold com Kettlebell', 'https://raw.githubusercontent.com/yuhonas/free-exercise-db/main/exercises/Kettlebell_Arnold_Press/0.jpg', 6),
(405, 'Clean Morto com Kettlebell', 'https://raw.githubusercontent.com/yuhonas/free-exercise-db/main/exercises/Kettlebell_Dead_Clean/0.jpg', 3),
(406, 'Figura 8 com Kettlebell', 'https://raw.githubusercontent.com/yuhonas/free-exercise-db/main/exercises/Kettlebell_Figure_8/0.jpg', 7),
(407, 'Clean Suspenso com Kettlebell', 'https://raw.githubusercontent.com/yuhonas/free-exercise-db/main/exercises/Kettlebell_Hang_Clean/0.jpg', 3),
(408, 'Stiff-Legged com Kettlebell em Uma Perna', 'https://raw.githubusercontent.com/yuhonas/free-exercise-db/main/exercises/Kettlebell_One-Legged_Deadlift/0.jpg', 3),
(409, 'Passe com Kettlebell Entre as Pernas', 'https://raw.githubusercontent.com/yuhonas/free-exercise-db/main/exercises/Kettlebell_Pass_Between_The_Legs/0.jpg', 7),
(410, 'Navios Piratas com Kettlebell', 'https://raw.githubusercontent.com/yuhonas/free-exercise-db/main/exercises/Kettlebell_Pirate_Ships/0.jpg', 6),
(411, 'Agachamento Pistol com Kettlebell', 'https://raw.githubusercontent.com/yuhonas/free-exercise-db/main/exercises/Kettlebell_Pistol_Squat/0.jpg', 3),
(412, 'Press Sentado com Kettlebell', 'https://raw.githubusercontent.com/yuhonas/free-exercise-db/main/exercises/Kettlebell_Seated_Press/0.jpg', 6),
(413, 'Press Alternado com Kettlebell', 'https://raw.githubusercontent.com/yuhonas/free-exercise-db/main/exercises/Kettlebell_Seesaw_Press/0.jpg', 6),
(414, 'Puxada Alta Sumô com Kettlebell', 'https://raw.githubusercontent.com/yuhonas/free-exercise-db/main/exercises/Kettlebell_Sumo_High_Pull/0.jpg', 2),
(415, 'Thruster com Kettlebell', 'https://raw.githubusercontent.com/yuhonas/free-exercise-db/main/exercises/Kettlebell_Thruster/0.jpg', 6),
(416, 'Turkish Get-Up com Kettlebell (Estilo Afundo)', 'https://raw.githubusercontent.com/yuhonas/free-exercise-db/main/exercises/Kettlebell_Turkish_Get-Up_Lunge_style/0.jpg', 6),
(417, 'Turkish Get-Up com Kettlebell (Estilo Agachamento)', 'https://raw.githubusercontent.com/yuhonas/free-exercise-db/main/exercises/Kettlebell_Turkish_Get-Up_Squat_style/0.jpg', 6),
(418, 'Windmill com Kettlebell', 'https://raw.githubusercontent.com/yuhonas/free-exercise-db/main/exercises/Kettlebell_Windmill/0.jpg', 7),
(419, 'Joelho Cruzado no Corpo', 'https://raw.githubusercontent.com/yuhonas/free-exercise-db/main/exercises/Knee_Across_The_Body/0.jpg', 8),
(420, 'Círculos com os Joelhos', 'https://raw.githubusercontent.com/yuhonas/free-exercise-db/main/exercises/Knee_Circles/0.jpg', 10),
(421, 'Elevação de Joelhos/Quadril nas Barras Paralelas', 'https://raw.githubusercontent.com/yuhonas/free-exercise-db/main/exercises/Knee_Hip_Raise_On_Parallel_Bars/0.jpg', 7),
(422, 'Salto com Joelhos ao Peito', 'https://raw.githubusercontent.com/yuhonas/free-exercise-db/main/exercises/Knee_Tuck_Jump/0.jpg', 3),
(423, 'Drill de Braços Ajoelhado', 'https://raw.githubusercontent.com/yuhonas/free-exercise-db/main/exercises/Kneeling_Arm_Drill/0.jpg', 6),
(424, 'Crunch com Cabo Ajoelhado e Torções Oblíquas Alternadas', 'https://raw.githubusercontent.com/yuhonas/free-exercise-db/main/exercises/Kneeling_Cable_Crunch_With_Alternating_Oblique_Twists/0.jpg', 7),
(425, 'Extensão de Tríceps com Cabo Ajoelhado', 'https://raw.githubusercontent.com/yuhonas/free-exercise-db/main/exercises/Kneeling_Cable_Triceps_Extension/0.jpg', 5),
(426, 'Alongamento de Antebraço Ajoelhado', 'https://raw.githubusercontent.com/yuhonas/free-exercise-db/main/exercises/Kneeling_Forearm_Stretch/0.jpg', 9),
(427, 'Alongamento do Flexor do Quadril Ajoelhado', 'https://raw.githubusercontent.com/yuhonas/free-exercise-db/main/exercises/Kneeling_Hip_Flexor/0.jpg', 3),
(428, 'Agachamento com Salto Ajoelhado', 'https://raw.githubusercontent.com/yuhonas/free-exercise-db/main/exercises/Kneeling_Jump_Squat/0.jpg', 8),
(429, 'Agachamento Ajoelhado', 'https://raw.githubusercontent.com/yuhonas/free-exercise-db/main/exercises/Kneeling_Squat/0.jpg', 8),
(430, 'Landmine 180\'s', 'https://raw.githubusercontent.com/yuhonas/free-exercise-db/main/exercises/Landmine_180s/0.jpg', 7),
(431, 'Landmine Linear Jammer', 'https://raw.githubusercontent.com/yuhonas/free-exercise-db/main/exercises/Landmine_Linear_Jammer/0.jpg', 6),
(432, 'Salto Lateral', 'https://raw.githubusercontent.com/yuhonas/free-exercise-db/main/exercises/Lateral_Bound/0.jpg', 3),
(433, 'Salto Lateral na Caixa', 'https://raw.githubusercontent.com/yuhonas/free-exercise-db/main/exercises/Lateral_Box_Jump/0.jpg', 3),
(434, 'Saltos Laterais com Cones', 'https://raw.githubusercontent.com/yuhonas/free-exercise-db/main/exercises/Lateral_Cone_Hops/0.jpg', 3),
(435, 'Elevação Lateral com Banda', 'https://raw.githubusercontent.com/yuhonas/free-exercise-db/main/exercises/Lateral_Raise_-_With_Bands/0.jpg', 6),
(436, 'Supino no Chão com Perna Cruzada', 'https://raw.githubusercontent.com/yuhonas/free-exercise-db/main/exercises/Leg-Over_Floor_Press/0.jpg', 1),
(437, 'Alongamento de Isquiotibiais com Perna Elevada', 'https://raw.githubusercontent.com/yuhonas/free-exercise-db/main/exercises/Leg-Up_Hamstring_Stretch/0.jpg', 3),
(438, 'Extensão de Pernas', 'https://raw.githubusercontent.com/yuhonas/free-exercise-db/main/exercises/Leg_Extensions/0.jpg', 3),
(439, 'Elevação de Perna', 'https://raw.githubusercontent.com/yuhonas/free-exercise-db/main/exercises/Leg_Lift/0.jpg', 8),
(440, 'Leg Press', 'https://raw.githubusercontent.com/yuhonas/free-exercise-db/main/exercises/Leg_Press/0.jpg', 3),
(441, 'Puxada de Pernas', 'https://raw.githubusercontent.com/yuhonas/free-exercise-db/main/exercises/Leg_Pull-In/0.jpg', 7),
(442, 'Supino na Máquina de Alavanca', 'https://raw.githubusercontent.com/yuhonas/free-exercise-db/main/exercises/Leverage_Chest_Press/0.jpg', 1),
(443, 'Levantamento Terra na Máquina de Alavanca', 'https://raw.githubusercontent.com/yuhonas/free-exercise-db/main/exercises/Leverage_Deadlift/0.jpg', 3),
(444, 'Supino Declinado na Máquina de Alavanca', 'https://raw.githubusercontent.com/yuhonas/free-exercise-db/main/exercises/Leverage_Decline_Chest_Press/0.jpg', 1),
(445, 'Remada Alta na Máquina de Alavanca', 'https://raw.githubusercontent.com/yuhonas/free-exercise-db/main/exercises/Leverage_High_Row/0.jpg', 2),
(446, 'Supino Inclinado na Máquina de Alavanca', 'https://raw.githubusercontent.com/yuhonas/free-exercise-db/main/exercises/Leverage_Incline_Chest_Press/0.jpg', 1),
(447, 'Desenvolvimento de Ombros na Máquina de Alavanca', 'https://raw.githubusercontent.com/yuhonas/free-exercise-db/main/exercises/Leverage_Shoulder_Press/0.jpg', 6),
(448, 'Encolhimento com Alavanca', 'https://raw.githubusercontent.com/yuhonas/free-exercise-db/main/exercises/Leverage_Shrug/0.jpg', 2),
(449, 'Técnica de Partida Linear em 3 Partes', 'https://raw.githubusercontent.com/yuhonas/free-exercise-db/main/exercises/Linear_3-Part_Start_Technique/0.jpg', 3),
(450, 'Exercício de Aceleração Linear na Parede', 'https://raw.githubusercontent.com/yuhonas/free-exercise-db/main/exercises/Linear_Acceleration_Wall_Drill/0.jpg', 3),
(451, 'Salto em Profundidade Linear', 'https://raw.githubusercontent.com/yuhonas/free-exercise-db/main/exercises/Linear_Depth_Jump/0.jpg', 3),
(452, 'Levantamento de Tronco', 'https://raw.githubusercontent.com/yuhonas/free-exercise-db/main/exercises/Log_Lift/0.jpg', 6),
(453, 'Olhando para o Teto', 'https://raw.githubusercontent.com/yuhonas/free-exercise-db/main/exercises/Looking_At_Ceiling/0.jpg', 3),
(454, 'Crossover na Polia Baixa', 'https://raw.githubusercontent.com/yuhonas/free-exercise-db/main/exercises/Low_Cable_Crossover/0.jpg', 1),
(455, 'Extensão de Tríceps na Polia Baixa', 'https://raw.githubusercontent.com/yuhonas/free-exercise-db/main/exercises/Low_Cable_Triceps_Extension/0.jpg', 5),
(456, 'Remada na Polia Baixa para o Pescoço', 'https://raw.githubusercontent.com/yuhonas/free-exercise-db/main/exercises/Low_Pulley_Row_To_Neck/0.jpg', 6),
(457, 'Auto-Massagem para Lombar', 'https://raw.githubusercontent.com/yuhonas/free-exercise-db/main/exercises/Lower_Back-SMR/0.jpg', 2),
(458, 'Curl para Lombar', 'https://raw.githubusercontent.com/yuhonas/free-exercise-db/main/exercises/Lower_Back_Curl/0.jpg', 7),
(459, 'Afundo com Passagem de Kettlebell', 'https://raw.githubusercontent.com/yuhonas/free-exercise-db/main/exercises/Lunge_Pass_Through/0.jpg', 3),
(460, 'Afundo Explosivo no Smith', 'https://raw.githubusercontent.com/yuhonas/free-exercise-db/main/exercises/Lunge_Sprint/0.jpg', 3),
(461, 'Alongamento de Virilha com Pernas Dobradas Deitado', 'https://raw.githubusercontent.com/yuhonas/free-exercise-db/main/exercises/Lying_Bent_Leg_Groin/0.jpg', 3),
(462, 'Rosca com Cabo Deitado', 'https://raw.githubusercontent.com/yuhonas/free-exercise-db/main/exercises/Lying_Cable_Curl/0.jpg', 4),
(463, 'Remada com Barra Camberada Deitado', 'https://raw.githubusercontent.com/yuhonas/free-exercise-db/main/exercises/Lying_Cambered_Barbell_Row/0.jpg', 2),
(464, 'Rosca com Barra em Pegada Fechada na Polia Alta Deitado', 'https://raw.githubusercontent.com/yuhonas/free-exercise-db/main/exercises/Lying_Close-Grip_Bar_Curl_On_High_Pulley/0.jpg', 4),
(465, 'Extensão de Tríceps com Barra em Pegada Fechada Atrás da Cabeça Deitado', 'https://raw.githubusercontent.com/yuhonas/free-exercise-db/main/exercises/Lying_Close-Grip_Barbell_Triceps_Extension_Behind_The_Head/0.jpg', 5),
(466, 'Extensão de Tríceps com Barra em Pegada Fechada até o Queixo Deitado', 'https://raw.githubusercontent.com/yuhonas/free-exercise-db/main/exercises/Lying_Close-Grip_Barbell_Triceps_Press_To_Chin/0.jpg', 5),
(467, 'Crossover Deitado', 'https://raw.githubusercontent.com/yuhonas/free-exercise-db/main/exercises/Lying_Crossover/0.jpg', 3),
(468, 'Extensão de Tríceps com Halteres Deitado', 'https://raw.githubusercontent.com/yuhonas/free-exercise-db/main/exercises/Lying_Dumbbell_Tricep_Extension/0.jpg', 5),
(469, 'Alongamento de Glúteo Deitado', 'https://raw.githubusercontent.com/yuhonas/free-exercise-db/main/exercises/Lying_Glute/0.jpg', 8),
(470, 'Alongamento de Isquiotibiais Deitado', 'https://raw.githubusercontent.com/yuhonas/free-exercise-db/main/exercises/Lying_Hamstring/0.jpg', 3),
(471, 'Rosca Scott com Barra Deitado', 'https://raw.githubusercontent.com/yuhonas/free-exercise-db/main/exercises/Lying_High_Bench_Barbell_Curl/0.jpg', 4),
(472, 'Agachamento na Máquina Deitado', 'https://raw.githubusercontent.com/yuhonas/free-exercise-db/main/exercises/Lying_Machine_Squat/0.jpg', 3),
(473, 'Elevação Lateral com Halter Deitado', 'https://raw.githubusercontent.com/yuhonas/free-exercise-db/main/exercises/Lying_One-Arm_Lateral_Raise/0.jpg', 6),
(474, 'Quadríceps Deitado Prono', 'https://raw.githubusercontent.com/yuhonas/free-exercise-db/main/exercises/Lying_Prone_Quadriceps/0.jpg', 3),
(475, 'Elevação Posterior Deitado', 'https://raw.githubusercontent.com/yuhonas/free-exercise-db/main/exercises/Lying_Rear_Delt_Raise/0.jpg', 6),
(476, 'Rosca Scott Deitado com Halteres', 'https://raw.githubusercontent.com/yuhonas/free-exercise-db/main/exercises/Lying_Supine_Dumbbell_Curl/0.jpg', 4),
(477, 'Remada T-Bar Deitado', 'https://raw.githubusercontent.com/yuhonas/free-exercise-db/main/exercises/Lying_T-Bar_Row/0.jpg', 2),
(478, 'Tríceps Francês Deitado', 'https://raw.githubusercontent.com/yuhonas/free-exercise-db/main/exercises/Lying_Triceps_Press/0.jpg', 5),
(479, 'Supino Máquina', 'https://raw.githubusercontent.com/yuhonas/free-exercise-db/main/exercises/Machine_Bench_Press/0.jpg', 1),
(480, 'Rosca Direta Máquina', 'https://raw.githubusercontent.com/yuhonas/free-exercise-db/main/exercises/Machine_Bicep_Curl/0.jpg', 4),
(481, 'Rosca Scott Máquina', 'https://raw.githubusercontent.com/yuhonas/free-exercise-db/main/exercises/Machine_Preacher_Curls/0.jpg', 4),
(482, 'Desenvolvimento Militar Máquina', 'https://raw.githubusercontent.com/yuhonas/free-exercise-db/main/exercises/Machine_Shoulder_Military_Press/0.jpg', 6),
(483, 'Tríceps Pulley Máquina', 'https://raw.githubusercontent.com/yuhonas/free-exercise-db/main/exercises/Machine_Triceps_Extension/0.jpg', 5),
(484, 'Arremesso de Medicine Ball no Peito', 'https://raw.githubusercontent.com/yuhonas/free-exercise-db/main/exercises/Medicine_Ball_Chest_Pass/0.jpg', 1),
(485, 'Torção Completa com Medicine Ball', 'https://raw.githubusercontent.com/yuhonas/free-exercise-db/main/exercises/Medicine_Ball_Full_Twist/0.jpg', 7),
(486, 'Arremesso de Concha com Medicine Ball', 'https://raw.githubusercontent.com/yuhonas/free-exercise-db/main/exercises/Medicine_Ball_Scoop_Throw/0.jpg', 6),
(487, 'Encolhimento de Costas Médias', 'https://raw.githubusercontent.com/yuhonas/free-exercise-db/main/exercises/Middle_Back_Shrug/0.jpg', 2),
(488, 'Alongamento de Costas Médias', 'https://raw.githubusercontent.com/yuhonas/free-exercise-db/main/exercises/Middle_Back_Stretch/0.jpg', 2),
(489, 'Barra Fixa com Pegada Mista', 'https://raw.githubusercontent.com/yuhonas/free-exercise-db/main/exercises/Mixed_Grip_Chin/0.jpg', 2),
(490, 'Caminhada de Monstro', 'https://raw.githubusercontent.com/yuhonas/free-exercise-db/main/exercises/Monster_Walk/0.jpg', 3),
(491, 'Escalador', 'https://raw.githubusercontent.com/yuhonas/free-exercise-db/main/exercises/Mountain_Climbers/0.jpg', 3),
(492, 'Série de Movimentos de Corrida Dinâmica', 'https://raw.githubusercontent.com/yuhonas/free-exercise-db/main/exercises/Moving_Claw_Series/0.jpg', 3),
(493, 'Arranco Muscular', 'https://raw.githubusercontent.com/yuhonas/free-exercise-db/main/exercises/Muscle_Snatch/0.jpg', 3),
(494, 'Agachamento Hack com Postura Fechada', 'https://raw.githubusercontent.com/yuhonas/free-exercise-db/main/exercises/Narrow_Stance_Hack_Squats/0.jpg', 3),
(495, 'Leg Press com Postura Fechada', 'https://raw.githubusercontent.com/yuhonas/free-exercise-db/main/exercises/Narrow_Stance_Leg_Press/0.jpg', 3),
(496, 'Agachamento com Postura Fechada', 'https://raw.githubusercontent.com/yuhonas/free-exercise-db/main/exercises/Narrow_Stance_Squats/0.jpg', 3),
(497, 'Elevação de Glúteos e Isquiotibiais Natural', 'https://raw.githubusercontent.com/yuhonas/free-exercise-db/main/exercises/Natural_Glute_Ham_Raise/0.jpg', 3),
(498, 'Press no Pescoço', 'https://raw.githubusercontent.com/yuhonas/free-exercise-db/main/exercises/Neck_Press/0.jpg', 1),
(499, 'Abdominais Oblíquos', 'https://raw.githubusercontent.com/yuhonas/free-exercise-db/main/exercises/Oblique_Crunches/0.jpg', 7),
(500, 'Abdominais Oblíquos no Chão', 'https://raw.githubusercontent.com/yuhonas/free-exercise-db/main/exercises/Oblique_Crunches_-_On_The_Floor/0.jpg', 7),
(501, 'Agachamento Olímpico', 'https://raw.githubusercontent.com/yuhonas/free-exercise-db/main/exercises/Olympic_Squat/0.jpg', 3),
(502, 'Alongamento de Quadríceps de Costas', 'https://raw.githubusercontent.com/yuhonas/free-exercise-db/main/exercises/On-Your-Back_Quad_Stretch/0.jpg', 3),
(503, 'Alongamento de Quadríceps de Lado', 'https://raw.githubusercontent.com/yuhonas/free-exercise-db/main/exercises/On_Your_Side_Quad_Stretch/0.jpg', 3),
(504, 'Remada Unilateral com Halter', 'https://raw.githubusercontent.com/yuhonas/free-exercise-db/main/exercises/One-Arm_Dumbbell_Row/0.jpg', 2),
(505, 'Crucifixo Unilateral no Banco Plano com Halter', 'https://raw.githubusercontent.com/yuhonas/free-exercise-db/main/exercises/One-Arm_Flat_Bench_Dumbbell_Flye/0.jpg', 1),
(506, 'Flexão Lateral com Cabo na Polia Alta Unilateral', 'https://raw.githubusercontent.com/yuhonas/free-exercise-db/main/exercises/One-Arm_High-Pulley_Cable_Side_Bends/0.jpg', 7),
(507, 'Elevação Lateral Inclinada Unilateral', 'https://raw.githubusercontent.com/yuhonas/free-exercise-db/main/exercises/One-Arm_Incline_Lateral_Raise/0.jpg', 6),
(508, 'Clean Unilateral com Kettlebell', 'https://raw.githubusercontent.com/yuhonas/free-exercise-db/main/exercises/One-Arm_Kettlebell_Clean/0.jpg', 3),
(509, 'Clean and Jerk Unilateral com Kettlebell', 'https://raw.githubusercontent.com/yuhonas/free-exercise-db/main/exercises/One-Arm_Kettlebell_Clean_and_Jerk/0.jpg', 6),
(510, 'Supino no Chão Unilateral com Kettlebell', 'https://raw.githubusercontent.com/yuhonas/free-exercise-db/main/exercises/One-Arm_Kettlebell_Floor_Press/0.jpg', 1),
(511, 'Jerk Unilateral com Kettlebell', 'https://raw.githubusercontent.com/yuhonas/free-exercise-db/main/exercises/One-Arm_Kettlebell_Jerk/0.jpg', 6),
(512, 'Desenvolvimento Militar com Kettlebell de Um Braço para o Lado', 'https://raw.githubusercontent.com/yuhonas/free-exercise-db/main/exercises/One-Arm_Kettlebell_Military_Press_To_The_Side/0.jpg', 6),
(513, 'Desenvolvimento Para com Kettlebell de Um Braço', 'https://raw.githubusercontent.com/yuhonas/free-exercise-db/main/exercises/One-Arm_Kettlebell_Para_Press/0.jpg', 6),
(514, 'Desenvolvimento com Impulso de Kettlebell de Um Braço', 'https://raw.githubusercontent.com/yuhonas/free-exercise-db/main/exercises/One-Arm_Kettlebell_Push_Press/0.jpg', 6),
(515, 'Remada com Kettlebell de Um Braço', 'https://raw.githubusercontent.com/yuhonas/free-exercise-db/main/exercises/One-Arm_Kettlebell_Row/0.jpg', 2),
(516, 'Arranco com Kettlebell de Um Braço', 'https://raw.githubusercontent.com/yuhonas/free-exercise-db/main/exercises/One-Arm_Kettlebell_Snatch/0.jpg', 6),
(517, 'Arremesso em Afundo com Kettlebell de Um Braço', 'https://raw.githubusercontent.com/yuhonas/free-exercise-db/main/exercises/One-Arm_Kettlebell_Split_Jerk/0.jpg', 6),
(518, 'Arranco em Afundo com Kettlebell de Um Braço', 'https://raw.githubusercontent.com/yuhonas/free-exercise-db/main/exercises/One-Arm_Kettlebell_Split_Snatch/0.jpg', 6),
(519, 'Balancê com Kettlebell de Um Braço', 'https://raw.githubusercontent.com/yuhonas/free-exercise-db/main/exercises/One-Arm_Kettlebell_Swings/0.jpg', 3),
(520, 'Remada com Barra Longa de Um Braço', 'https://raw.githubusercontent.com/yuhonas/free-exercise-db/main/exercises/One-Arm_Long_Bar_Row/0.jpg', 2),
(521, 'Arremesso de Medicine Ball com Um Braço', 'https://raw.githubusercontent.com/yuhonas/free-exercise-db/main/exercises/One-Arm_Medicine_Ball_Slam/0.jpg', 7),
(522, 'Kettlebell Clean com uma Mão e Palma Aberta', 'https://raw.githubusercontent.com/yuhonas/free-exercise-db/main/exercises/One-Arm_Open_Palm_Kettlebell_Clean/0.jpg', 3),
(523, 'Agachamento com Kettlebell Acima da Cabeça e uma Mão', 'https://raw.githubusercontent.com/yuhonas/free-exercise-db/main/exercises/One-Arm_Overhead_Kettlebell_Squats/0.jpg', 3),
(524, 'Levantamento Terra Lateral com uma Mão', 'https://raw.githubusercontent.com/yuhonas/free-exercise-db/main/exercises/One-Arm_Side_Deadlift/0.jpg', 3),
(525, 'Elevação Lateral com uma Mão', 'https://raw.githubusercontent.com/yuhonas/free-exercise-db/main/exercises/One-Arm_Side_Laterals/0.jpg', 6),
(526, 'Coice com Cabo e uma Perna', 'https://raw.githubusercontent.com/yuhonas/free-exercise-db/main/exercises/One-Legged_Cable_Kickback/0.jpg', 8),
(527, 'Barra Fixa com uma Mão', 'https://raw.githubusercontent.com/yuhonas/free-exercise-db/main/exercises/One_Arm_Chin-Up/0.jpg', 2),
(528, 'Supino com Halter e uma Mão', 'https://raw.githubusercontent.com/yuhonas/free-exercise-db/main/exercises/One_Arm_Dumbbell_Bench_Press/0.jpg', 1),
(529, 'Rosca Scott com Halter e uma Mão', 'https://raw.githubusercontent.com/yuhonas/free-exercise-db/main/exercises/One_Arm_Dumbbell_Preacher_Curl/0.jpg', 4),
(530, 'Supino no Chão com uma Mão', 'https://raw.githubusercontent.com/yuhonas/free-exercise-db/main/exercises/One_Arm_Floor_Press/0.jpg', 5),
(531, 'Extensão de Tríceps Unilateral com Halter em Pegada Pronada', 'https://raw.githubusercontent.com/yuhonas/free-exercise-db/main/exercises/One_Arm_Pronated_Dumbbell_Triceps_Extension/0.jpg', 5),
(532, 'Extensão de Tríceps Unilateral com Halter em Pegada Supinada', 'https://raw.githubusercontent.com/yuhonas/free-exercise-db/main/exercises/One_Arm_Supinated_Dumbbell_Triceps_Extension/0.jpg', 5),
(533, 'Meia-Locusta Unilateral', 'https://raw.githubusercontent.com/yuhonas/free-exercise-db/main/exercises/One_Half_Locust/0.jpg', 3),
(534, 'Joelho ao Peito Unilateral', 'https://raw.githubusercontent.com/yuhonas/free-exercise-db/main/exercises/One_Knee_To_Chest/0.jpg', 8),
(535, 'Agachamento Unilateral com Barra', 'https://raw.githubusercontent.com/yuhonas/free-exercise-db/main/exercises/One_Leg_Barbell_Squat/0.jpg', 3),
(536, 'Clean com Kettlebell e Palma Aberta', 'https://raw.githubusercontent.com/yuhonas/free-exercise-db/main/exercises/Open_Palm_Kettlebell_Clean/0.jpg', 3),
(537, 'Otis-Up', 'https://raw.githubusercontent.com/yuhonas/free-exercise-db/main/exercises/Otis-Up/0.jpg', 7),
(538, 'Rosca com Cabo por Cima', 'https://raw.githubusercontent.com/yuhonas/free-exercise-db/main/exercises/Overhead_Cable_Curl/0.jpg', 4),
(539, 'Agachamento com Barra por Cima da Cabeça', 'https://raw.githubusercontent.com/yuhonas/free-exercise-db/main/exercises/Overhead_Squat/0.jpg', 3),
(540, 'Alongamento por Cima da Cabeça', 'https://raw.githubusercontent.com/yuhonas/free-exercise-db/main/exercises/Overhead_Stretch/0.jpg', 7),
(541, 'Alongamento de Tríceps com Braço Elevado', 'https://raw.githubusercontent.com/yuhonas/free-exercise-db/main/exercises/Overhead_Triceps/0.jpg', 5),
(542, 'Pallof Press', 'https://raw.githubusercontent.com/yuhonas/free-exercise-db/main/exercises/Pallof_Press/0.jpg', 7),
(543, 'Pallof Press com Rotação', 'https://raw.githubusercontent.com/yuhonas/free-exercise-db/main/exercises/Pallof_Press_With_Rotation/0.jpg', 7),
(544, 'Rosca de Punho com Halteres em Pronação sobre Banco', 'https://raw.githubusercontent.com/yuhonas/free-exercise-db/main/exercises/Palms-Down_Dumbbell_Wrist_Curl_Over_A_Bench/0.jpg', 9),
(545, 'Rosca de Punho com Barra em Pronação sobre Banco', 'https://raw.githubusercontent.com/yuhonas/free-exercise-db/main/exercises/Palms-Down_Wrist_Curl_Over_A_Bench/0.jpg', 9),
(546, 'Rosca de Punho com Barra em Supinação sobre Banco', 'https://raw.githubusercontent.com/yuhonas/free-exercise-db/main/exercises/Palms-Up_Barbell_Wrist_Curl_Over_A_Bench/0.jpg', 9),
(547, 'Rosca de Punho com Halteres em Supinação sobre o Banco', 'https://raw.githubusercontent.com/yuhonas/free-exercise-db/main/exercises/Palms-Up_Dumbbell_Wrist_Curl_Over_A_Bench/0.jpg', 9),
(548, 'Mergulho em Barras Paralelas', 'https://raw.githubusercontent.com/yuhonas/free-exercise-db/main/exercises/Parallel_Bar_Dip/0.jpg', 5),
(549, 'Inclinação Pélvica para Ponte', 'https://raw.githubusercontent.com/yuhonas/free-exercise-db/main/exercises/Pelvic_Tilt_Into_Bridge/0.jpg', 2),
(550, 'Liberação Miofascial dos Fibulares', 'https://raw.githubusercontent.com/yuhonas/free-exercise-db/main/exercises/Peroneals-SMR/0.jpg', 10),
(551, 'Alongamento dos Fibulares', 'https://raw.githubusercontent.com/yuhonas/free-exercise-db/main/exercises/Peroneals_Stretch/0.jpg', 10),
(552, 'Ponte de Quadril com Bola Suíça', 'https://raw.githubusercontent.com/yuhonas/free-exercise-db/main/exercises/Physioball_Hip_Bridge/0.jpg', 8),
(553, 'Press com Pinos', 'https://raw.githubusercontent.com/yuhonas/free-exercise-db/main/exercises/Pin_Presses/0.jpg', 5),
(554, 'Liberação Miofascial do Piriforme', 'https://raw.githubusercontent.com/yuhonas/free-exercise-db/main/exercises/Piriformis-SMR/0.jpg', 8),
(555, 'Prancha', 'https://raw.githubusercontent.com/yuhonas/free-exercise-db/main/exercises/Plank/0.jpg', 7),
(556, 'Pinça com Anilhas', 'https://raw.githubusercontent.com/yuhonas/free-exercise-db/main/exercises/Plate_Pinch/0.jpg', 9),
(557, 'Giro com Peso', 'https://raw.githubusercontent.com/yuhonas/free-exercise-db/main/exercises/Plate_Twist/0.jpg', 7),
(558, 'Deslizamento de Isquiotibiais no Chão', 'https://raw.githubusercontent.com/yuhonas/free-exercise-db/main/exercises/Platform_Hamstring_Slides/0.jpg', 3),
(559, 'Agachamento Sumô com Halter', 'https://raw.githubusercontent.com/yuhonas/free-exercise-db/main/exercises/Plie_Dumbbell_Squat/0.jpg', 3),
(560, 'Flexões Plyométricas com Kettlebell', 'https://raw.githubusercontent.com/yuhonas/free-exercise-db/main/exercises/Plyo_Kettlebell_Pushups/0.jpg', 1),
(561, 'Flexão Plyométrica', 'https://raw.githubusercontent.com/yuhonas/free-exercise-db/main/exercises/Plyo_Push-up/0.jpg', 1),
(562, 'Alongamento do Tibial Posterior', 'https://raw.githubusercontent.com/yuhonas/free-exercise-db/main/exercises/Posterior_Tibialis_Stretch/0.jpg', 10),
(563, 'Arranco (Power Clean)', 'https://raw.githubusercontent.com/yuhonas/free-exercise-db/main/exercises/Power_Clean/0.jpg', 3),
(564, 'Arranco a Partir de Blocos', 'https://raw.githubusercontent.com/yuhonas/free-exercise-db/main/exercises/Power_Clean_from_Blocks/0.jpg', 3),
(565, 'Arremesso de Força (Power Jerk)', 'https://raw.githubusercontent.com/yuhonas/free-exercise-db/main/exercises/Power_Jerk/0.jpg', 3),
(566, 'Elevações Laterais Parciais', 'https://raw.githubusercontent.com/yuhonas/free-exercise-db/main/exercises/Power_Partials/0.jpg', 6),
(567, 'Arranco de Força', 'https://raw.githubusercontent.com/yuhonas/free-exercise-db/main/exercises/Power_Snatch/0.jpg', 3),
(568, 'Arranco de Força a Partir de Blocos', 'https://raw.githubusercontent.com/yuhonas/free-exercise-db/main/exercises/Power_Snatch_from_Blocks/0.jpg', 3),
(569, 'Escada de Força', 'https://raw.githubusercontent.com/yuhonas/free-exercise-db/main/exercises/Power_Stairs/0.jpg', 3),
(570, 'Rosca Martelo no Banco Scott', 'https://raw.githubusercontent.com/yuhonas/free-exercise-db/main/exercises/Preacher_Hammer_Dumbbell_Curl/0.jpg', 4),
(571, 'Abdominal com Desenvolvimento', 'https://raw.githubusercontent.com/yuhonas/free-exercise-db/main/exercises/Press_Sit-Up/0.jpg', 7),
(572, 'Flexão de Joelho em Decúbito Ventral com Resistência Manual', 'https://raw.githubusercontent.com/yuhonas/free-exercise-db/main/exercises/Prone_Manual_Hamstring/0.jpg', 3),
(573, 'Corrida com Prowler', 'https://raw.githubusercontent.com/yuhonas/free-exercise-db/main/exercises/Prowler_Sprint/0.jpg', 3),
(574, 'Pull Through', 'https://raw.githubusercontent.com/yuhonas/free-exercise-db/main/exercises/Pull_Through/0.jpg', 8),
(575, 'Flexão com Apoio Ampla', 'https://raw.githubusercontent.com/yuhonas/free-exercise-db/main/exercises/Push-Up_Wide/0.jpg', 1),
(576, 'Flexão com Apoio Fechada para Tríceps', 'https://raw.githubusercontent.com/yuhonas/free-exercise-db/main/exercises/Push-Ups_-_Close_Triceps_Position/0.jpg', 5),
(577, 'Flexão com Pés Elevados', 'https://raw.githubusercontent.com/yuhonas/free-exercise-db/main/exercises/Push-Ups_With_Feet_Elevated/0.jpg', 1),
(578, 'Flexão com Pés em Bola de Exercício', 'https://raw.githubusercontent.com/yuhonas/free-exercise-db/main/exercises/Push-Ups_With_Feet_On_An_Exercise_Ball/0.jpg', 1),
(579, 'Push Press', 'https://raw.githubusercontent.com/yuhonas/free-exercise-db/main/exercises/Push_Press/0.jpg', 6),
(580, 'Push Press Atrás da Nuca', 'https://raw.githubusercontent.com/yuhonas/free-exercise-db/main/exercises/Push_Press_-_Behind_the_Neck/0.jpg', 6),
(581, 'Flexão para Prancha Lateral', 'https://raw.githubusercontent.com/yuhonas/free-exercise-db/main/exercises/Push_Up_to_Side_Plank/0.jpg', 1),
(582, 'Flexões', 'https://raw.githubusercontent.com/yuhonas/free-exercise-db/main/exercises/Pushups/0.jpg', 1),
(583, 'Flexões (Posições de Mãos Fechada e Ampla)', 'https://raw.githubusercontent.com/yuhonas/free-exercise-db/main/exercises/Pushups_Close_and_Wide_Hand_Positions/0.jpg', 1),
(584, 'Pirâmide', 'https://raw.githubusercontent.com/yuhonas/free-exercise-db/main/exercises/Pyramid/0.jpg', 2),
(585, 'Alongamento de Quadríceps', 'https://raw.githubusercontent.com/yuhonas/free-exercise-db/main/exercises/Quad_Stretch/0.jpg', 3),
(586, 'Liberação Miofascial do Quadríceps', 'https://raw.githubusercontent.com/yuhonas/free-exercise-db/main/exercises/Quadriceps-SMR/0.jpg', 3),
(587, 'Salto Rápido', 'https://raw.githubusercontent.com/yuhonas/free-exercise-db/main/exercises/Quick_Leap/0.jpg', 3),
(588, 'Entrega no Suporte', 'https://raw.githubusercontent.com/yuhonas/free-exercise-db/main/exercises/Rack_Delivery/0.jpg', 6),
(589, 'Puxada no Suporte com Faixas', 'https://raw.githubusercontent.com/yuhonas/free-exercise-db/main/exercises/Rack_Pull_with_Bands/0.jpg', 2),
(590, 'Puxadas no Suporte', 'https://raw.githubusercontent.com/yuhonas/free-exercise-db/main/exercises/Rack_Pulls/0.jpg', 2),
(591, 'Elevação de Perna Traseira', 'https://raw.githubusercontent.com/yuhonas/free-exercise-db/main/exercises/Rear_Leg_Raises/0.jpg', 3),
(592, 'Bicicleta Recumbente', 'https://raw.githubusercontent.com/yuhonas/free-exercise-db/main/exercises/Recumbent_Bike/0.jpg', 3),
(593, 'Retorno de Arremesso da Posição', 'https://raw.githubusercontent.com/yuhonas/free-exercise-db/main/exercises/Return_Push_from_Stance/0.jpg', 6),
(594, 'Supino com Faixas Invertidas', 'https://raw.githubusercontent.com/yuhonas/free-exercise-db/main/exercises/Reverse_Band_Bench_Press/0.jpg', 5),
(595, 'Agachamento na Caixa com Banda Reversa', 'https://raw.githubusercontent.com/yuhonas/free-exercise-db/main/exercises/Reverse_Band_Box_Squat/0.jpg', 3),
(596, 'Levantamento Terra com Banda Reversa', 'https://raw.githubusercontent.com/yuhonas/free-exercise-db/main/exercises/Reverse_Band_Deadlift/0.jpg', 2),
(597, 'Agachamento de Potência com Banda Reversa', 'https://raw.githubusercontent.com/yuhonas/free-exercise-db/main/exercises/Reverse_Band_Power_Squat/0.jpg', 3),
(598, 'Levantamento Terra Sumô com Banda Reversa', 'https://raw.githubusercontent.com/yuhonas/free-exercise-db/main/exercises/Reverse_Band_Sumo_Deadlift/0.jpg', 3),
(599, 'Rosca Scott Inversa com Barra', 'https://raw.githubusercontent.com/yuhonas/free-exercise-db/main/exercises/Reverse_Barbell_Preacher_Curls/0.jpg', 4),
(600, 'Rosca Inversa no Cabo', 'https://raw.githubusercontent.com/yuhonas/free-exercise-db/main/exercises/Reverse_Cable_Curl/0.jpg', 4),
(601, 'Abdominal Inverso', 'https://raw.githubusercontent.com/yuhonas/free-exercise-db/main/exercises/Reverse_Crunch/0.jpg', 7),
(602, 'Crucifixo Inverso com Rotação Externa', 'https://raw.githubusercontent.com/yuhonas/free-exercise-db/main/exercises/Reverse_Flyes_With_External_Rotation/0.jpg', 6),
(603, 'Remada Invertida com Barra', 'https://raw.githubusercontent.com/yuhonas/free-exercise-db/main/exercises/Reverse_Grip_Bent-Over_Rows/0.jpg', 2),
(604, 'Tríceps Pulley com Pegada Invertida', 'https://raw.githubusercontent.com/yuhonas/free-exercise-db/main/exercises/Reverse_Grip_Triceps_Pushdown/0.jpg', 5),
(605, 'Hiperextensão Reversa', 'https://raw.githubusercontent.com/yuhonas/free-exercise-db/main/exercises/Reverse_Hyperextension/0.jpg', 3),
(606, 'Crucifixo Invertido na Máquina', 'https://raw.githubusercontent.com/yuhonas/free-exercise-db/main/exercises/Reverse_Machine_Flyes/0.jpg', 6),
(607, 'Rosca Invertida com Anilha', 'https://raw.githubusercontent.com/yuhonas/free-exercise-db/main/exercises/Reverse_Plate_Curls/0.jpg', 4),
(608, 'Supino Invertido para Tríceps', 'https://raw.githubusercontent.com/yuhonas/free-exercise-db/main/exercises/Reverse_Triceps_Bench_Press/0.jpg', 5),
(609, 'Liberação Miofascial para Romboides', 'https://raw.githubusercontent.com/yuhonas/free-exercise-db/main/exercises/Rhomboids-SMR/0.jpg', 2),
(610, 'Carregamento de Rickshaw', 'https://raw.githubusercontent.com/yuhonas/free-exercise-db/main/exercises/Rickshaw_Carry/0.jpg', 9),
(611, 'Levantamento Terra com Rickshaw', 'https://raw.githubusercontent.com/yuhonas/free-exercise-db/main/exercises/Rickshaw_Deadlift/0.jpg', 3),
(612, 'Mergulho nas Argolas', 'https://raw.githubusercontent.com/yuhonas/free-exercise-db/main/exercises/Ring_Dips/0.jpg', 5),
(613, 'Salto Foguete', 'https://raw.githubusercontent.com/yuhonas/free-exercise-db/main/exercises/Rocket_Jump/0.jpg', 3),
(614, 'Elevação de Panturrilha em Pé com Balanço', 'https://raw.githubusercontent.com/yuhonas/free-exercise-db/main/exercises/Rocking_Standing_Calf_Raise/0.jpg', 10),
(615, 'Levantamento Terra Romeno', 'https://raw.githubusercontent.com/yuhonas/free-exercise-db/main/exercises/Romanian_Deadlift/0.jpg', 3),
(616, 'Levantamento Terra Romeno com Déficit', 'https://raw.githubusercontent.com/yuhonas/free-exercise-db/main/exercises/Romanian_Deadlift_from_Deficit/0.jpg', 3),
(617, 'Abdominal com Corda no Pulley', 'https://raw.githubusercontent.com/yuhonas/free-exercise-db/main/exercises/Rope_Crunch/0.jpg', 7),
(618, 'Pular Corda', 'https://raw.githubusercontent.com/yuhonas/free-exercise-db/main/exercises/Rope_Jumping/0.jpg', 3),
(619, 'Alongamento de Ombros Rotacional', 'https://raw.githubusercontent.com/yuhonas/free-exercise-db/main/exercises/Round_The_World_Shoulder_Stretch/0.jpg', 6),
(620, 'Remo Ergométrico', 'https://raw.githubusercontent.com/yuhonas/free-exercise-db/main/exercises/Rowing_Stationary/0.jpg', 3),
(621, 'Alongamento de Corredor', 'https://raw.githubusercontent.com/yuhonas/free-exercise-db/main/exercises/Runners_Stretch/0.jpg', 3),
(622, 'Corrida na Esteira', 'https://raw.githubusercontent.com/yuhonas/free-exercise-db/main/exercises/Running_Treadmill/0.jpg', 3),
(623, 'Twist Russo', 'https://raw.githubusercontent.com/yuhonas/free-exercise-db/main/exercises/Russian_Twist/0.jpg', 7),
(624, 'Carregamento de Saco de Areia', 'https://raw.githubusercontent.com/yuhonas/free-exercise-db/main/exercises/Sandbag_Load/0.jpg', 3),
(625, 'Puxada Escapular', 'https://raw.githubusercontent.com/yuhonas/free-exercise-db/main/exercises/Scapular_Pull-Up/0.jpg', 2),
(626, 'Chute Tesoura', 'https://raw.githubusercontent.com/yuhonas/free-exercise-db/main/exercises/Scissor_Kick/0.jpg', 7),
(627, 'Salto Tesoura', 'https://raw.githubusercontent.com/yuhonas/free-exercise-db/main/exercises/Scissors_Jump/0.jpg', 3),
(628, 'Flexão de Pernas Sentado com Banda', 'https://raw.githubusercontent.com/yuhonas/free-exercise-db/main/exercises/Seated_Band_Hamstring_Curl/0.jpg', 3),
(629, 'Desenvolvimento Militar Sentado com Barra', 'https://raw.githubusercontent.com/yuhonas/free-exercise-db/main/exercises/Seated_Barbell_Military_Press/0.jpg', 6),
(630, 'Torção com Barra Sentado', 'https://raw.githubusercontent.com/yuhonas/free-exercise-db/main/exercises/Seated_Barbell_Twist/0.jpg', 7),
(631, 'Extensão de Tríceps com Halter Sentado e Inclinado Unilateral', 'https://raw.githubusercontent.com/yuhonas/free-exercise-db/main/exercises/Seated_Bent-Over_One-Arm_Dumbbell_Triceps_Extension/0.jpg', 5),
(632, 'Elevação Posterior para Deltóides Sentado e Inclinado', 'https://raw.githubusercontent.com/yuhonas/free-exercise-db/main/exercises/Seated_Bent-Over_Rear_Delt_Raise/0.jpg', 6),
(633, 'Extensão de Tríceps com Halteres Sentado e Inclinado Bilateral', 'https://raw.githubusercontent.com/yuhonas/free-exercise-db/main/exercises/Seated_Bent-Over_Two-Arm_Dumbbell_Triceps_Extension/0.jpg', 5),
(634, 'Alongamento de Bíceps Sentado', 'https://raw.githubusercontent.com/yuhonas/free-exercise-db/main/exercises/Seated_Biceps/0.jpg', 4),
(635, 'Remada Sentada no Pulley', 'https://raw.githubusercontent.com/yuhonas/free-exercise-db/main/exercises/Seated_Cable_Rows/0.jpg', 2),
(636, 'Desenvolvimento de Ombros no Pulley Sentado', 'https://raw.githubusercontent.com/yuhonas/free-exercise-db/main/exercises/Seated_Cable_Shoulder_Press/0.jpg', 6),
(637, 'Elevação de Panturrilha Sentada', 'https://raw.githubusercontent.com/yuhonas/free-exercise-db/main/exercises/Seated_Calf_Raise/0.jpg', 10),
(638, 'Alongamento de Panturrilha Sentado', 'https://raw.githubusercontent.com/yuhonas/free-exercise-db/main/exercises/Seated_Calf_Stretch/0.jpg', 10),
(639, 'Rosca Concentrada com Barra em Pegada Fechada Sentado', 'https://raw.githubusercontent.com/yuhonas/free-exercise-db/main/exercises/Seated_Close-Grip_Concentration_Barbell_Curl/0.jpg', 4),
(640, 'Rosca Scott com Halter Sentado', 'https://raw.githubusercontent.com/yuhonas/free-exercise-db/main/exercises/Seated_Dumbbell_Curl/0.jpg', 4),
(641, 'Rosca Martelo com Halter Sentado', 'https://raw.githubusercontent.com/yuhonas/free-exercise-db/main/exercises/Seated_Dumbbell_Inner_Biceps_Curl/0.jpg', 4),
(642, 'Flexão de Punho com Halter Sentado (Palmas para Baixo)', 'https://raw.githubusercontent.com/yuhonas/free-exercise-db/main/exercises/Seated_Dumbbell_Palms-Down_Wrist_Curl/0.jpg', 9),
(643, 'Flexão de Punho com Halter Sentado (Palmas para Cima)', 'https://raw.githubusercontent.com/yuhonas/free-exercise-db/main/exercises/Seated_Dumbbell_Palms-Up_Wrist_Curl/0.jpg', 9),
(644, 'Desenvolvimento com Halter Sentado', 'https://raw.githubusercontent.com/yuhonas/free-exercise-db/main/exercises/Seated_Dumbbell_Press/0.jpg', 6),
(645, 'Abdominal no Banco Sentado', 'https://raw.githubusercontent.com/yuhonas/free-exercise-db/main/exercises/Seated_Flat_Bench_Leg_Pull-In/0.jpg', 7),
(646, 'Alongamento de Isquiotibiais Sentado no Chão', 'https://raw.githubusercontent.com/yuhonas/free-exercise-db/main/exercises/Seated_Floor_Hamstring_Stretch/0.jpg', 3),
(647, 'Alongamento de Deltóide Anterior Sentado', 'https://raw.githubusercontent.com/yuhonas/free-exercise-db/main/exercises/Seated_Front_Deltoid/0.jpg', 6),
(648, 'Alongamento de Glúteo Sentado', 'https://raw.githubusercontent.com/yuhonas/free-exercise-db/main/exercises/Seated_Glute/0.jpg', 8),
(649, 'Bom Dia Sentado', 'https://raw.githubusercontent.com/yuhonas/free-exercise-db/main/exercises/Seated_Good_Mornings/0.jpg', 2),
(650, 'Alongamento de Isquiotibiais Sentado', 'https://raw.githubusercontent.com/yuhonas/free-exercise-db/main/exercises/Seated_Hamstring/0.jpg', 3),
(651, 'Alongamento de Isquiotibiais e Panturrilha Sentado', 'https://raw.githubusercontent.com/yuhonas/free-exercise-db/main/exercises/Seated_Hamstring_and_Calf_Stretch/0.jpg', 3),
(652, 'Cadeira Flexora Sentada', 'https://raw.githubusercontent.com/yuhonas/free-exercise-db/main/exercises/Seated_Leg_Curl/0.jpg', 3),
(653, 'Abdominal Sentado com Flexão de Joelhos', 'https://raw.githubusercontent.com/yuhonas/free-exercise-db/main/exercises/Seated_Leg_Tucks/0.jpg', 7),
(654, 'Flexão de Punho com Halter Sentado, Palma para Baixo', 'https://raw.githubusercontent.com/yuhonas/free-exercise-db/main/exercises/Seated_One-Arm_Dumbbell_Palms-Down_Wrist_Curl/0.jpg', 9),
(655, 'Flexão de Punho com Halter Sentado, Palma para Cima', 'https://raw.githubusercontent.com/yuhonas/free-exercise-db/main/exercises/Seated_One-Arm_Dumbbell_Palms-Up_Wrist_Curl/0.jpg', 9),
(656, 'Remada Unilateral no Pulley Sentado', 'https://raw.githubusercontent.com/yuhonas/free-exercise-db/main/exercises/Seated_One-arm_Cable_Pulley_Rows/0.jpg', 2),
(657, 'Alongamento Sentado com Braço sobre a Cabeça', 'https://raw.githubusercontent.com/yuhonas/free-exercise-db/main/exercises/Seated_Overhead_Stretch/0.jpg', 7),
(658, 'Flexão de Punho com Barra Sentado, Palma para Cima', 'https://raw.githubusercontent.com/yuhonas/free-exercise-db/main/exercises/Seated_Palm-Up_Barbell_Wrist_Curl/0.jpg', 9),
(659, 'Rosca de Punho com Barra Sentado e Palmas para Baixo', 'https://raw.githubusercontent.com/yuhonas/free-exercise-db/main/exercises/Seated_Palms-Down_Barbell_Wrist_Curl/0.jpg', 9),
(660, 'Elevação Lateral Sentado', 'https://raw.githubusercontent.com/yuhonas/free-exercise-db/main/exercises/Seated_Side_Lateral_Raise/0.jpg', 6),
(661, 'Tríceps Francês Sentado', 'https://raw.githubusercontent.com/yuhonas/free-exercise-db/main/exercises/Seated_Triceps_Press/0.jpg', 5),
(662, 'Rosca de Punho com Polia Baixa Sentado e Duas Mãos com Palmas para Cima', 'https://raw.githubusercontent.com/yuhonas/free-exercise-db/main/exercises/Seated_Two-Arm_Palms-Up_Low-Pulley_Wrist_Curl/0.jpg', 9),
(663, 'Press Alternado em Gangorra', 'https://raw.githubusercontent.com/yuhonas/free-exercise-db/main/exercises/See-Saw_Press_Alternating_Side_Press/0.jpg', 6),
(664, 'Círculos com os Ombros', 'https://raw.githubusercontent.com/yuhonas/free-exercise-db/main/exercises/Shoulder_Circles/0.jpg', 6),
(665, 'Press de Ombros com Faixas Elásticas', 'https://raw.githubusercontent.com/yuhonas/free-exercise-db/main/exercises/Shoulder_Press_-_With_Bands/0.jpg', 6),
(666, 'Elevação de Ombros', 'https://raw.githubusercontent.com/yuhonas/free-exercise-db/main/exercises/Shoulder_Raise/0.jpg', 6),
(667, 'Alongamento de Ombros', 'https://raw.githubusercontent.com/yuhonas/free-exercise-db/main/exercises/Shoulder_Stretch/0.jpg', 6),
(668, 'Prancha Lateral', 'https://raw.githubusercontent.com/yuhonas/free-exercise-db/main/exercises/Side_Bridge/0.jpg', 7),
(669, 'Salto Lateral com Sprint', 'https://raw.githubusercontent.com/yuhonas/free-exercise-db/main/exercises/Side_Hop-Sprint/0.jpg', 3),
(670, 'Abdominal Lateral (Jackknife)', 'https://raw.githubusercontent.com/yuhonas/free-exercise-db/main/exercises/Side_Jackknife/0.jpg', 7),
(671, 'Elevação Lateral', 'https://raw.githubusercontent.com/yuhonas/free-exercise-db/main/exercises/Side_Lateral_Raise/0.jpg', 6),
(672, 'Elevação Lateral para Frontal', 'https://raw.githubusercontent.com/yuhonas/free-exercise-db/main/exercises/Side_Laterals_to_Front_Raise/0.jpg', 6),
(673, 'Elevação Lateral de Perna', 'https://raw.githubusercontent.com/yuhonas/free-exercise-db/main/exercises/Side_Leg_Raises/0.jpg', 3),
(674, 'Alongamento de Virilha em Decúbito Lateral', 'https://raw.githubusercontent.com/yuhonas/free-exercise-db/main/exercises/Side_Lying_Groin_Stretch/0.jpg', 3),
(675, 'Salto em Distância Lateral', 'https://raw.githubusercontent.com/yuhonas/free-exercise-db/main/exercises/Side_Standing_Long_Jump/0.jpg', 3),
(676, 'Puxada Lateral de Pulso', 'https://raw.githubusercontent.com/yuhonas/free-exercise-db/main/exercises/Side_Wrist_Pull/0.jpg', 6),
(677, 'Shuffle Lateral na Caixa', 'https://raw.githubusercontent.com/yuhonas/free-exercise-db/main/exercises/Side_to_Side_Box_Shuffle/0.jpg', 3),
(678, 'Crossover com Cabo Unilateral', 'https://raw.githubusercontent.com/yuhonas/free-exercise-db/main/exercises/Single-Arm_Cable_Crossover/0.jpg', 1),
(679, 'Levantamento com Barra em Landmine Unilateral', 'https://raw.githubusercontent.com/yuhonas/free-exercise-db/main/exercises/Single-Arm_Linear_Jammer/0.jpg', 6),
(680, 'Flexão Unilateral', 'https://raw.githubusercontent.com/yuhonas/free-exercise-db/main/exercises/Single-Arm_Push-Up/0.jpg', 1),
(681, 'Drill de Sprint com Cone Único', 'https://raw.githubusercontent.com/yuhonas/free-exercise-db/main/exercises/Single-Cone_Sprint_Drill/0.jpg', 3),
(682, 'Agachamento em Caixa Alta Unilateral', 'https://raw.githubusercontent.com/yuhonas/free-exercise-db/main/exercises/Single-Leg_High_Box_Squat/0.jpg', 3),
(683, 'Progressão de Salto Unilateral', 'https://raw.githubusercontent.com/yuhonas/free-exercise-db/main/exercises/Single-Leg_Hop_Progression/0.jpg', 3),
(684, 'Salto Lateral Unilateral', 'https://raw.githubusercontent.com/yuhonas/free-exercise-db/main/exercises/Single-Leg_Lateral_Hop/0.jpg', 3),
(685, 'Extensão de Pernas Unilateral', 'https://raw.githubusercontent.com/yuhonas/free-exercise-db/main/exercises/Single-Leg_Leg_Extension/0.jpg', 3),
(686, 'Salto com Passada Unilateral', 'https://raw.githubusercontent.com/yuhonas/free-exercise-db/main/exercises/Single-Leg_Stride_Jump/0.jpg', 3),
(687, 'Elevação com Halter Único', 'https://raw.githubusercontent.com/yuhonas/free-exercise-db/main/exercises/Single_Dumbbell_Raise/0.jpg', 6),
(688, 'Chute no Glúteo Unilateral', 'https://raw.githubusercontent.com/yuhonas/free-exercise-db/main/exercises/Single_Leg_Butt_Kick/0.jpg', 3),
(689, 'Ponte de Glúteo Unilateral', 'https://raw.githubusercontent.com/yuhonas/free-exercise-db/main/exercises/Single_Leg_Glute_Bridge/0.jpg', 8),
(690, 'Impulso Unilateral', 'https://raw.githubusercontent.com/yuhonas/free-exercise-db/main/exercises/Single_Leg_Push-off/0.jpg', 3),
(691, 'Abdominal', 'https://raw.githubusercontent.com/yuhonas/free-exercise-db/main/exercises/Sit-Up/0.jpg', 7),
(692, 'Agachamentos Parciais', 'https://raw.githubusercontent.com/yuhonas/free-exercise-db/main/exercises/Sit_Squats/0.jpg', 3),
(693, 'Patinação', 'https://raw.githubusercontent.com/yuhonas/free-exercise-db/main/exercises/Skating/0.jpg', 3),
(694, 'Arrasto de Trenó com Arnês', 'https://raw.githubusercontent.com/yuhonas/free-exercise-db/main/exercises/Sled_Drag_-_Harness/0.jpg', 3),
(695, 'Caminhada para Trás com Halter por Cima', 'https://raw.githubusercontent.com/yuhonas/free-exercise-db/main/exercises/Sled_Overhead_Backward_Walk/0.jpg', 6),
(696, 'Extensão de Tríceps por Cima com Trenó', 'https://raw.githubusercontent.com/yuhonas/free-exercise-db/main/exercises/Sled_Overhead_Triceps_Extension/0.jpg', 5),
(697, 'Empurrão de Trenó', 'https://raw.githubusercontent.com/yuhonas/free-exercise-db/main/exercises/Sled_Push/0.jpg', 3),
(698, 'Crucifixo Invertido com Trenó', 'https://raw.githubusercontent.com/yuhonas/free-exercise-db/main/exercises/Sled_Reverse_Flye/0.jpg', 6),
(699, 'Remada com Trenó', 'https://raw.githubusercontent.com/yuhonas/free-exercise-db/main/exercises/Sled_Row/0.jpg', 2),
(700, 'Golpes de Marreta', 'https://raw.githubusercontent.com/yuhonas/free-exercise-db/main/exercises/Sledgehammer_Swings/0.jpg', 7),
(701, 'Elevação de Ombros no Smith em Banco Inclinado', 'https://raw.githubusercontent.com/yuhonas/free-exercise-db/main/exercises/Smith_Incline_Shoulder_Raise/0.jpg', 6),
(702, 'Encolhimento de Ombros Atrás das Costas no Smith', 'https://raw.githubusercontent.com/yuhonas/free-exercise-db/main/exercises/Smith_Machine_Behind_the_Back_Shrug/0.jpg', 2),
(703, 'Supino no Smith Machine', 'https://raw.githubusercontent.com/yuhonas/free-exercise-db/main/exercises/Smith_Machine_Bench_Press/0.jpg', 1),
(704, 'Remada Curvada no Smith Machine', 'https://raw.githubusercontent.com/yuhonas/free-exercise-db/main/exercises/Smith_Machine_Bent_Over_Row/0.jpg', 2),
(705, 'Elevação de Panturrilha no Smith Machine', 'https://raw.githubusercontent.com/yuhonas/free-exercise-db/main/exercises/Smith_Machine_Calf_Raise/0.jpg', 10),
(706, 'Supino Fechado no Smith Machine', 'https://raw.githubusercontent.com/yuhonas/free-exercise-db/main/exercises/Smith_Machine_Close-Grip_Bench_Press/0.jpg', 5),
(707, 'Supino Declinado no Smith Machine', 'https://raw.githubusercontent.com/yuhonas/free-exercise-db/main/exercises/Smith_Machine_Decline_Press/0.jpg', 1),
(708, 'Power Clean a Partir do Joelho no Smith Machine', 'https://raw.githubusercontent.com/yuhonas/free-exercise-db/main/exercises/Smith_Machine_Hang_Power_Clean/0.jpg', 3),
(709, 'Elevação de Quadril no Smith Machine', 'https://raw.githubusercontent.com/yuhonas/free-exercise-db/main/exercises/Smith_Machine_Hip_Raise/0.jpg', 7),
(710, 'Supino Inclinado no Smith Machine', 'https://raw.githubusercontent.com/yuhonas/free-exercise-db/main/exercises/Smith_Machine_Incline_Bench_Press/0.jpg', 1);
INSERT INTO `exercicios` (`id`, `nome`, `gif_url`, `grupo_muscular_id`) VALUES
(711, 'Leg Press no Smith Machine', 'https://raw.githubusercontent.com/yuhonas/free-exercise-db/main/exercises/Smith_Machine_Leg_Press/0.jpg', 3),
(712, 'Remada Alta Unilateral no Smith Machine', 'https://raw.githubusercontent.com/yuhonas/free-exercise-db/main/exercises/Smith_Machine_One-Arm_Upright_Row/0.jpg', 6),
(713, 'Desenvolvimento Militar no Smith Machine', 'https://raw.githubusercontent.com/yuhonas/free-exercise-db/main/exercises/Smith_Machine_Overhead_Shoulder_Press/0.jpg', 6),
(714, 'Agachamento Pistol no Smith Machine', 'https://raw.githubusercontent.com/yuhonas/free-exercise-db/main/exercises/Smith_Machine_Pistol_Squat/0.jpg', 3),
(715, 'Elevação de Panturrilha Invertida no Smith', 'https://raw.githubusercontent.com/yuhonas/free-exercise-db/main/exercises/Smith_Machine_Reverse_Calf_Raises/0.jpg', 10),
(716, 'Stiff-Legged Deadlift no Smith', 'https://raw.githubusercontent.com/yuhonas/free-exercise-db/main/exercises/Smith_Machine_Stiff-Legged_Deadlift/0.jpg', 3),
(717, 'Remada Alta no Smith', 'https://raw.githubusercontent.com/yuhonas/free-exercise-db/main/exercises/Smith_Machine_Upright_Row/0.jpg', 2),
(718, 'Agachamento Búlgaro no Smith', 'https://raw.githubusercontent.com/yuhonas/free-exercise-db/main/exercises/Smith_Single-Leg_Split_Squat/0.jpg', 3),
(719, 'Arranco (Snatch)', 'https://raw.githubusercontent.com/yuhonas/free-exercise-db/main/exercises/Snatch/0.jpg', 3),
(720, 'Snatch Balance', 'https://raw.githubusercontent.com/yuhonas/free-exercise-db/main/exercises/Snatch_Balance/0.jpg', 3),
(721, 'Deadlift de Arranco', 'https://raw.githubusercontent.com/yuhonas/free-exercise-db/main/exercises/Snatch_Deadlift/0.jpg', 3),
(722, 'Puxada de Arranco', 'https://raw.githubusercontent.com/yuhonas/free-exercise-db/main/exercises/Snatch_Pull/0.jpg', 3),
(723, 'Encolhimento de Arranco', 'https://raw.githubusercontent.com/yuhonas/free-exercise-db/main/exercises/Snatch_Shrug/0.jpg', 2),
(724, 'Arranco a Partir de Blocos', 'https://raw.githubusercontent.com/yuhonas/free-exercise-db/main/exercises/Snatch_from_Blocks/0.jpg', 3),
(725, 'Tríceps Overhead com Banda de Velocidade', 'https://raw.githubusercontent.com/yuhonas/free-exercise-db/main/exercises/Speed_Band_Overhead_Triceps/0.jpg', 5),
(726, 'Agachamento em Caixa de Velocidade', 'https://raw.githubusercontent.com/yuhonas/free-exercise-db/main/exercises/Speed_Box_Squat/0.jpg', 3),
(727, 'Agachamentos de Velocidade', 'https://raw.githubusercontent.com/yuhonas/free-exercise-db/main/exercises/Speed_Squats/0.jpg', 3),
(728, 'Lançador de Feitiço', 'https://raw.githubusercontent.com/yuhonas/free-exercise-db/main/exercises/Spell_Caster/0.jpg', 7),
(729, 'Rastejamento de Aranha', 'https://raw.githubusercontent.com/yuhonas/free-exercise-db/main/exercises/Spider_Crawl/0.jpg', 7),
(730, 'Rosca Spider', 'https://raw.githubusercontent.com/yuhonas/free-exercise-db/main/exercises/Spider_Curl/0.jpg', 4),
(731, 'Alongamento da Coluna', 'https://raw.githubusercontent.com/yuhonas/free-exercise-db/main/exercises/Spinal_Stretch/0.jpg', 2),
(732, 'Arremesso com Divisão de Pernas', 'https://raw.githubusercontent.com/yuhonas/free-exercise-db/main/exercises/Split_Clean/0.jpg', 3),
(733, 'Arremesso com Divisão', 'https://raw.githubusercontent.com/yuhonas/free-exercise-db/main/exercises/Split_Jerk/0.jpg', 3),
(734, 'Salto em Afundo', 'https://raw.githubusercontent.com/yuhonas/free-exercise-db/main/exercises/Split_Jump/0.jpg', 3),
(735, 'Arranco em Afundo', 'https://raw.githubusercontent.com/yuhonas/free-exercise-db/main/exercises/Split_Snatch/0.jpg', 3),
(736, 'Afundos com Salto', 'https://raw.githubusercontent.com/yuhonas/free-exercise-db/main/exercises/Split_Squats/0.jpg', 3),
(737, 'Arremesso em Agachamento', 'https://raw.githubusercontent.com/yuhonas/free-exercise-db/main/exercises/Squat_Jerk/0.jpg', 3),
(738, 'Agachamento com Elásticos', 'https://raw.githubusercontent.com/yuhonas/free-exercise-db/main/exercises/Squat_with_Bands/0.jpg', 3),
(739, 'Agachamento com Correntes', 'https://raw.githubusercontent.com/yuhonas/free-exercise-db/main/exercises/Squat_with_Chains/0.jpg', 3),
(740, 'Agachamento com Deslocamento de Anilhas', 'https://raw.githubusercontent.com/yuhonas/free-exercise-db/main/exercises/Squat_with_Plate_Movers/0.jpg', 3),
(741, 'Agachamentos com Elásticos', 'https://raw.githubusercontent.com/yuhonas/free-exercise-db/main/exercises/Squats_-_With_Bands/0.jpg', 3),
(742, 'Escada Ergométrica', 'https://raw.githubusercontent.com/yuhonas/free-exercise-db/main/exercises/Stairmaster/0.jpg', 3),
(743, 'Desenvolvimento Alternado com Halteres em Pé', 'https://raw.githubusercontent.com/yuhonas/free-exercise-db/main/exercises/Standing_Alternating_Dumbbell_Press/0.jpg', 6),
(744, 'Elevação de Panturrilha com Barra em Pé', 'https://raw.githubusercontent.com/yuhonas/free-exercise-db/main/exercises/Standing_Barbell_Calf_Raise/0.jpg', 10),
(745, 'Desenvolvimento com Barra Atrás do Pescoço em Pé', 'https://raw.githubusercontent.com/yuhonas/free-exercise-db/main/exercises/Standing_Barbell_Press_Behind_Neck/0.jpg', 6),
(746, 'Extensão de Tríceps com Halter em Pé, Inclinado e Unilateral', 'https://raw.githubusercontent.com/yuhonas/free-exercise-db/main/exercises/Standing_Bent-Over_One-Arm_Dumbbell_Triceps_Extension/0.jpg', 5),
(747, 'Extensão de Tríceps com Halteres em Pé, Inclinado e Bilateral', 'https://raw.githubusercontent.com/yuhonas/free-exercise-db/main/exercises/Standing_Bent-Over_Two-Arm_Dumbbell_Triceps_Extension/0.jpg', 5),
(748, 'Rosca Direta com Barra na Polia em Pé', 'https://raw.githubusercontent.com/yuhonas/free-exercise-db/main/exercises/Standing_Biceps_Cable_Curl/0.jpg', 4),
(749, 'Alongamento de Bíceps em Pé', 'https://raw.githubusercontent.com/yuhonas/free-exercise-db/main/exercises/Standing_Biceps_Stretch/0.jpg', 4),
(750, 'Press Bradford em Pé', 'https://raw.githubusercontent.com/yuhonas/free-exercise-db/main/exercises/Standing_Bradford_Press/0.jpg', 6),
(751, 'Press de Peito com Cabos em Pé', 'https://raw.githubusercontent.com/yuhonas/free-exercise-db/main/exercises/Standing_Cable_Chest_Press/0.jpg', 1),
(752, 'Elevação com Cabo em Pé', 'https://raw.githubusercontent.com/yuhonas/free-exercise-db/main/exercises/Standing_Cable_Lift/0.jpg', 7),
(753, 'Rotação com Cabo em Pé', 'https://raw.githubusercontent.com/yuhonas/free-exercise-db/main/exercises/Standing_Cable_Wood_Chop/0.jpg', 7),
(754, 'Rosca Concentrada em Pé', 'https://raw.githubusercontent.com/yuhonas/free-exercise-db/main/exercises/Standing_Concentration_Curl/0.jpg', 4),
(755, 'Elevação de Panturrilha com Halteres em Pé', 'https://raw.githubusercontent.com/yuhonas/free-exercise-db/main/exercises/Standing_Dumbbell_Calf_Raise/0.jpg', 10),
(756, 'Desenvolvimento com Halteres em Pé', 'https://raw.githubusercontent.com/yuhonas/free-exercise-db/main/exercises/Standing_Dumbbell_Press/0.jpg', 6),
(757, 'Rosca Inversa com Halteres em Pé', 'https://raw.githubusercontent.com/yuhonas/free-exercise-db/main/exercises/Standing_Dumbbell_Reverse_Curl/0.jpg', 4),
(758, 'Elevação Frontal com Halteres em Pé', 'https://raw.githubusercontent.com/yuhonas/free-exercise-db/main/exercises/Standing_Dumbbell_Straight-Arm_Front_Delt_Raise_Above_Head/0.jpg', 6),
(759, 'Extensão de Tríceps com Halteres em Pé', 'https://raw.githubusercontent.com/yuhonas/free-exercise-db/main/exercises/Standing_Dumbbell_Triceps_Extension/0.jpg', 5),
(760, 'Remada Alta com Halteres em Pé', 'https://raw.githubusercontent.com/yuhonas/free-exercise-db/main/exercises/Standing_Dumbbell_Upright_Row/0.jpg', 2),
(761, 'Alongamento de Quadríceps Elevado em Pé', 'https://raw.githubusercontent.com/yuhonas/free-exercise-db/main/exercises/Standing_Elevated_Quad_Stretch/0.jpg', 3),
(762, 'Elevação Frontal com Barra em Pé', 'https://raw.githubusercontent.com/yuhonas/free-exercise-db/main/exercises/Standing_Front_Barbell_Raise_Over_Head/0.jpg', 6),
(763, 'Alongamento de Panturrilha Gastrocnêmio em Pé', 'https://raw.githubusercontent.com/yuhonas/free-exercise-db/main/exercises/Standing_Gastrocnemius_Calf_Stretch/0.jpg', 10),
(764, 'Alongamento de Posterior de Coxa e Panturrilha em Pé', 'https://raw.githubusercontent.com/yuhonas/free-exercise-db/main/exercises/Standing_Hamstring_and_Calf_Stretch/0.jpg', 3),
(765, 'Círculos de Quadril em Pé', 'https://raw.githubusercontent.com/yuhonas/free-exercise-db/main/exercises/Standing_Hip_Circles/0.jpg', 3),
(766, 'Alongamento de Flexores do Quadril em Pé', 'https://raw.githubusercontent.com/yuhonas/free-exercise-db/main/exercises/Standing_Hip_Flexors/0.jpg', 3),
(767, 'Rosca Martelo em Pé', 'https://raw.githubusercontent.com/yuhonas/free-exercise-db/main/exercises/Standing_Inner-Biceps_Curl/0.jpg', 4),
(768, 'Alongamento Lateral em Pé', 'https://raw.githubusercontent.com/yuhonas/free-exercise-db/main/exercises/Standing_Lateral_Stretch/0.jpg', 7),
(769, 'Flexão de Pernas em Pé', 'https://raw.githubusercontent.com/yuhonas/free-exercise-db/main/exercises/Standing_Leg_Curl/0.jpg', 3),
(770, 'Salto em Distância em Pé', 'https://raw.githubusercontent.com/yuhonas/free-exercise-db/main/exercises/Standing_Long_Jump/0.jpg', 3),
(771, 'Elevação Lateral com Polia Baixa em Pé', 'https://raw.githubusercontent.com/yuhonas/free-exercise-db/main/exercises/Standing_Low-Pulley_Deltoid_Raise/0.jpg', 6),
(772, 'Tríceps Pulley Baixo Unilateral em Pé', 'https://raw.githubusercontent.com/yuhonas/free-exercise-db/main/exercises/Standing_Low-Pulley_One-Arm_Triceps_Extension/0.jpg', 5),
(773, 'Desenvolvimento Militar em Pé', 'https://raw.githubusercontent.com/yuhonas/free-exercise-db/main/exercises/Standing_Military_Press/0.jpg', 6),
(774, 'Aperto de Mão com Anilha Olímpica em Pé', 'https://raw.githubusercontent.com/yuhonas/free-exercise-db/main/exercises/Standing_Olympic_Plate_Hand_Squeeze/0.jpg', 9),
(775, 'Rosca com Cabo Unilateral em Pé', 'https://raw.githubusercontent.com/yuhonas/free-exercise-db/main/exercises/Standing_One-Arm_Cable_Curl/0.jpg', 4),
(776, 'Rosca Scott com Halter Unilateral em Pé', 'https://raw.githubusercontent.com/yuhonas/free-exercise-db/main/exercises/Standing_One-Arm_Dumbbell_Curl_Over_Incline_Bench/0.jpg', 4),
(777, 'Tríceps Francês com Halter Unilateral em Pé', 'https://raw.githubusercontent.com/yuhonas/free-exercise-db/main/exercises/Standing_One-Arm_Dumbbell_Triceps_Extension/0.jpg', 5),
(778, 'Tríceps Francês com Barra em Pé', 'https://raw.githubusercontent.com/yuhonas/free-exercise-db/main/exercises/Standing_Overhead_Barbell_Triceps_Extension/0.jpg', 5),
(779, 'Desenvolvimento com Halter Unilateral e Pegada Neutra em Pé', 'https://raw.githubusercontent.com/yuhonas/free-exercise-db/main/exercises/Standing_Palm-In_One-Arm_Dumbbell_Press/0.jpg', 6),
(780, 'Desenvolvimento com Halteres e Pegada Neutra em Pé', 'https://raw.githubusercontent.com/yuhonas/free-exercise-db/main/exercises/Standing_Palms-In_Dumbbell_Press/0.jpg', 6),
(781, 'Flexão de Punho com Barra Atrás das Costas em Pé', 'https://raw.githubusercontent.com/yuhonas/free-exercise-db/main/exercises/Standing_Palms-Up_Barbell_Behind_The_Back_Wrist_Curl/0.jpg', 9),
(782, 'Inclinação Pélvica em Pé', 'https://raw.githubusercontent.com/yuhonas/free-exercise-db/main/exercises/Standing_Pelvic_Tilt/0.jpg', 2),
(783, 'Crunch com Corda em Pé', 'https://raw.githubusercontent.com/yuhonas/free-exercise-db/main/exercises/Standing_Rope_Crunch/0.jpg', 7),
(784, 'Alongamento de Sóleo e Aquiles em Pé', 'https://raw.githubusercontent.com/yuhonas/free-exercise-db/main/exercises/Standing_Soleus_And_Achilles_Stretch/0.jpg', 10),
(785, 'Toque nos Pés em Pé', 'https://raw.githubusercontent.com/yuhonas/free-exercise-db/main/exercises/Standing_Toe_Touches/0.jpg', 3),
(786, 'Extensão de Tríceps com Toalha em Pé', 'https://raw.githubusercontent.com/yuhonas/free-exercise-db/main/exercises/Standing_Towel_Triceps_Extension/0.jpg', 5),
(787, 'Arremesso de Medicine Ball com Duas Mãos Acima da Cabeça em Pé', 'https://raw.githubusercontent.com/yuhonas/free-exercise-db/main/exercises/Standing_Two-Arm_Overhead_Throw/0.jpg', 6),
(788, 'Pulo Estrela', 'https://raw.githubusercontent.com/yuhonas/free-exercise-db/main/exercises/Star_Jump/0.jpg', 3),
(789, 'Subida no Step com Elevação de Joelho', 'https://raw.githubusercontent.com/yuhonas/free-exercise-db/main/exercises/Step-up_with_Knee_Raise/0.jpg', 8),
(790, 'Step Mill', 'https://raw.githubusercontent.com/yuhonas/free-exercise-db/main/exercises/Step_Mill/0.jpg', 3),
(791, 'Levantamento Terra com Pernas Rígidas', 'https://raw.githubusercontent.com/yuhonas/free-exercise-db/main/exercises/Stiff-Legged_Barbell_Deadlift/0.jpg', 3),
(792, 'Levantamento Terra com Halteres Pernas Estendidas', 'https://raw.githubusercontent.com/yuhonas/free-exercise-db/main/exercises/Stiff-Legged_Dumbbell_Deadlift/0.jpg', 3),
(793, 'Bom Dia com Barra Pernas Estendidas', 'https://raw.githubusercontent.com/yuhonas/free-exercise-db/main/exercises/Stiff_Leg_Barbell_Good_Morning/0.jpg', 2),
(794, 'Vacuo Abdominal', 'https://raw.githubusercontent.com/yuhonas/free-exercise-db/main/exercises/Stomach_Vacuum/0.jpg', 7),
(795, 'Pullover com Halteres Braços Retos', 'https://raw.githubusercontent.com/yuhonas/free-exercise-db/main/exercises/Straight-Arm_Dumbbell_Pullover/0.jpg', 1),
(796, 'Remada Curvada com Barra no Banco', 'https://raw.githubusercontent.com/yuhonas/free-exercise-db/main/exercises/Straight_Bar_Bench_Mid_Rows/0.jpg', 2),
(797, 'Elevações Frontais no Banco Inclinado', 'https://raw.githubusercontent.com/yuhonas/free-exercise-db/main/exercises/Straight_Raises_on_Incline_Bench/0.jpg', 6),
(798, 'Salto com Crossover em Caixa', 'https://raw.githubusercontent.com/yuhonas/free-exercise-db/main/exercises/Stride_Jump_Crossover/0.jpg', 3),
(799, 'Levantamento Terra Sumô', 'https://raw.githubusercontent.com/yuhonas/free-exercise-db/main/exercises/Sumo_Deadlift/0.jpg', 3),
(800, 'Levantamento Terra Sumô com Elásticos', 'https://raw.githubusercontent.com/yuhonas/free-exercise-db/main/exercises/Sumo_Deadlift_with_Bands/0.jpg', 3),
(801, 'Levantamento Terra Sumô com Correntes', 'https://raw.githubusercontent.com/yuhonas/free-exercise-db/main/exercises/Sumo_Deadlift_with_Chains/0.jpg', 3),
(802, 'Super-Homem', 'https://raw.githubusercontent.com/yuhonas/free-exercise-db/main/exercises/Superman/0.jpg', 2),
(803, 'Arremesso de Peito Supino', 'https://raw.githubusercontent.com/yuhonas/free-exercise-db/main/exercises/Supine_Chest_Throw/0.jpg', 5),
(804, 'Arremesso Supino com Um Braço Acima da Cabeça', 'https://raw.githubusercontent.com/yuhonas/free-exercise-db/main/exercises/Supine_One-Arm_Overhead_Throw/0.jpg', 7),
(805, 'Arremesso Supino com Dois Braços Acima da Cabeça', 'https://raw.githubusercontent.com/yuhonas/free-exercise-db/main/exercises/Supine_Two-Arm_Overhead_Throw/0.jpg', 7),
(806, 'Fallout Suspenso', 'https://raw.githubusercontent.com/yuhonas/free-exercise-db/main/exercises/Suspended_Fallout/0.jpg', 7),
(807, 'Flexão Suspensa', 'https://raw.githubusercontent.com/yuhonas/free-exercise-db/main/exercises/Suspended_Push-Up/0.jpg', 1),
(808, 'Abdominal Invertido Suspenso', 'https://raw.githubusercontent.com/yuhonas/free-exercise-db/main/exercises/Suspended_Reverse_Crunch/0.jpg', 7),
(809, 'Remada Suspensa', 'https://raw.githubusercontent.com/yuhonas/free-exercise-db/main/exercises/Suspended_Row/0.jpg', 2),
(810, 'Agachamento Búlgaro Suspenso', 'https://raw.githubusercontent.com/yuhonas/free-exercise-db/main/exercises/Suspended_Split_Squat/0.jpg', 3),
(811, 'Press de Svend', 'https://raw.githubusercontent.com/yuhonas/free-exercise-db/main/exercises/Svend_Press/0.jpg', 1),
(812, 'Remada em T com Pegador', 'https://raw.githubusercontent.com/yuhonas/free-exercise-db/main/exercises/T-Bar_Row_with_Handle/0.jpg', 2),
(813, 'Press Tate', 'https://raw.githubusercontent.com/yuhonas/free-exercise-db/main/exercises/Tate_Press/0.jpg', 5),
(814, 'Alongamento em V', 'https://raw.githubusercontent.com/yuhonas/free-exercise-db/main/exercises/The_Straddle/0.jpg', 3),
(815, 'Abdutor de Coxas', 'https://raw.githubusercontent.com/yuhonas/free-exercise-db/main/exercises/Thigh_Abductor/0.jpg', 3),
(816, 'Adutor de Coxas', 'https://raw.githubusercontent.com/yuhonas/free-exercise-db/main/exercises/Thigh_Adductor/0.jpg', 3),
(817, 'Virada de Pneu', 'https://raw.githubusercontent.com/yuhonas/free-exercise-db/main/exercises/Tire_Flip/0.jpg', 3),
(818, 'Toque nos Dedos dos Pés', 'https://raw.githubusercontent.com/yuhonas/free-exercise-db/main/exercises/Toe_Touchers/0.jpg', 7),
(819, 'Rotação do Tronco', 'https://raw.githubusercontent.com/yuhonas/free-exercise-db/main/exercises/Torso_Rotation/0.jpg', 7),
(820, 'Corrida/Caminhada em Trilha', 'https://raw.githubusercontent.com/yuhonas/free-exercise-db/main/exercises/Trail_Running_Walking/0.jpg', 3),
(821, 'Levantamento Terra com Barra Hexagonal', 'https://raw.githubusercontent.com/yuhonas/free-exercise-db/main/exercises/Trap_Bar_Deadlift/0.jpg', 3),
(822, 'Tríceps Coice com Halter', 'https://raw.githubusercontent.com/yuhonas/free-exercise-db/main/exercises/Tricep_Dumbbell_Kickback/0.jpg', 5),
(823, 'Alongamento Lateral de Tríceps', 'https://raw.githubusercontent.com/yuhonas/free-exercise-db/main/exercises/Tricep_Side_Stretch/0.jpg', 5),
(824, 'Extensão de Tríceps Atrás da Cabeça com Corda', 'https://raw.githubusercontent.com/yuhonas/free-exercise-db/main/exercises/Triceps_Overhead_Extension_with_Rope/0.jpg', 5),
(825, 'Tríceps Pulley', 'https://raw.githubusercontent.com/yuhonas/free-exercise-db/main/exercises/Triceps_Pushdown/0.jpg', 5),
(826, 'Tríceps Pulley com Corda', 'https://raw.githubusercontent.com/yuhonas/free-exercise-db/main/exercises/Triceps_Pushdown_-_Rope_Attachment/0.jpg', 5),
(827, 'Tríceps Pulley com Barra V', 'https://raw.githubusercontent.com/yuhonas/free-exercise-db/main/exercises/Triceps_Pushdown_-_V-Bar_Attachment/0.jpg', 5),
(828, 'Alongamento de Tríceps', 'https://raw.githubusercontent.com/yuhonas/free-exercise-db/main/exercises/Triceps_Stretch/0.jpg', 5),
(829, 'Abdominal Agrupado', 'https://raw.githubusercontent.com/yuhonas/free-exercise-db/main/exercises/Tuck_Crunch/0.jpg', 7),
(830, 'Rosca Scott com Halteres', 'https://raw.githubusercontent.com/yuhonas/free-exercise-db/main/exercises/Two-Arm_Dumbbell_Preacher_Curl/0.jpg', 4),
(831, 'Clean com Kettlebell de Dois Braços', 'https://raw.githubusercontent.com/yuhonas/free-exercise-db/main/exercises/Two-Arm_Kettlebell_Clean/0.jpg', 6),
(832, 'Jerk com Kettlebell de Dois Braços', 'https://raw.githubusercontent.com/yuhonas/free-exercise-db/main/exercises/Two-Arm_Kettlebell_Jerk/0.jpg', 6),
(833, 'Desenvolvimento Militar com Kettlebell de Dois Braços', 'https://raw.githubusercontent.com/yuhonas/free-exercise-db/main/exercises/Two-Arm_Kettlebell_Military_Press/0.jpg', 6),
(834, 'Remada com Kettlebell de Dois Braços', 'https://raw.githubusercontent.com/yuhonas/free-exercise-db/main/exercises/Two-Arm_Kettlebell_Row/0.jpg', 2),
(835, 'Alongamento de Costas e Pernas', 'https://raw.githubusercontent.com/yuhonas/free-exercise-db/main/exercises/Upper_Back-Leg_Grab/0.jpg', 3),
(836, 'Alongamento da Parte Superior das Costas', 'https://raw.githubusercontent.com/yuhonas/free-exercise-db/main/exercises/Upper_Back_Stretch/0.jpg', 2),
(837, 'Remada Alta no Cabo', 'https://raw.githubusercontent.com/yuhonas/free-exercise-db/main/exercises/Upright_Cable_Row/0.jpg', 2),
(838, 'Remada Alta com Faixas Elásticas', 'https://raw.githubusercontent.com/yuhonas/free-exercise-db/main/exercises/Upright_Row_-_With_Bands/0.jpg', 2),
(839, 'Alongamento para Cima', 'https://raw.githubusercontent.com/yuhonas/free-exercise-db/main/exercises/Upward_Stretch/0.jpg', 6),
(840, 'Balancê Vertical com Halter', 'https://raw.githubusercontent.com/yuhonas/free-exercise-db/main/exercises/Vertical_Swing/0.jpg', 3),
(841, 'Caminhada na Esteira', 'https://raw.githubusercontent.com/yuhonas/free-exercise-db/main/exercises/Walking_Treadmill/0.jpg', 3),
(842, 'Hiperextensão com Bola e Peso', 'https://raw.githubusercontent.com/yuhonas/free-exercise-db/main/exercises/Weighted_Ball_Hyperextension/0.jpg', 2),
(843, 'Inclinação Lateral com Bola e Peso', 'https://raw.githubusercontent.com/yuhonas/free-exercise-db/main/exercises/Weighted_Ball_Side_Bend/0.jpg', 7),
(844, 'Mergulho no Banco com Peso', 'https://raw.githubusercontent.com/yuhonas/free-exercise-db/main/exercises/Weighted_Bench_Dip/0.jpg', 5),
(845, 'Abdominais com Peso', 'https://raw.githubusercontent.com/yuhonas/free-exercise-db/main/exercises/Weighted_Crunches/0.jpg', 7),
(846, 'Agachamento com Salto e Peso', 'https://raw.githubusercontent.com/yuhonas/free-exercise-db/main/exercises/Weighted_Jump_Squat/0.jpg', 3),
(847, 'Agachamento Sissy com Peso', 'https://raw.githubusercontent.com/yuhonas/free-exercise-db/main/exercises/Weighted_Sissy_Squat/0.jpg', 3),
(848, 'Abdominais com Peso e Faixas', 'https://raw.githubusercontent.com/yuhonas/free-exercise-db/main/exercises/Weighted_Sit-Ups_-_With_Bands/0.jpg', 7),
(849, 'Agachamento com Peso', 'https://raw.githubusercontent.com/yuhonas/free-exercise-db/main/exercises/Weighted_Squat/0.jpg', 3),
(850, 'Supino Reto com Barra e Pegada Larga', 'https://raw.githubusercontent.com/yuhonas/free-exercise-db/main/exercises/Wide-Grip_Barbell_Bench_Press/0.jpg', 1),
(851, 'Supino Declinado com Barra e Pegada Larga', 'https://raw.githubusercontent.com/yuhonas/free-exercise-db/main/exercises/Wide-Grip_Decline_Barbell_Bench_Press/0.jpg', 1),
(852, 'Pullover com Barra em Banco Declinado e Pegada Larga', 'https://raw.githubusercontent.com/yuhonas/free-exercise-db/main/exercises/Wide-Grip_Decline_Barbell_Pullover/0.jpg', 1),
(853, 'Rosca Direta com Barra em Pegada Aberta', 'https://raw.githubusercontent.com/yuhonas/free-exercise-db/main/exercises/Wide-Grip_Standing_Barbell_Curl/0.jpg', 4),
(854, 'Agachamento com Barra em Pé Afastado', 'https://raw.githubusercontent.com/yuhonas/free-exercise-db/main/exercises/Wide_Stance_Barbell_Squat/0.jpg', 3),
(855, 'Stiff-Leg com Base Larga', 'https://raw.githubusercontent.com/yuhonas/free-exercise-db/main/exercises/Wide_Stance_Stiff_Legs/0.jpg', 3),
(856, 'Sprints Suspensos', 'https://raw.githubusercontent.com/yuhonas/free-exercise-db/main/exercises/Wind_Sprints/0.jpg', 7),
(857, 'Moinhos de Vento', 'https://raw.githubusercontent.com/yuhonas/free-exercise-db/main/exercises/Windmills/0.jpg', 3),
(858, 'Alongamento Mais Completo do Mundo', 'https://raw.githubusercontent.com/yuhonas/free-exercise-db/main/exercises/Worlds_Greatest_Stretch/0.jpg', 3),
(859, 'Círculos com os Punhos', 'https://raw.githubusercontent.com/yuhonas/free-exercise-db/main/exercises/Wrist_Circles/0.jpg', 9),
(860, 'Rolo de Punho', 'https://raw.githubusercontent.com/yuhonas/free-exercise-db/main/exercises/Wrist_Roller/0.jpg', 9),
(861, 'Rotação de Punhos com Barra Reta', 'https://raw.githubusercontent.com/yuhonas/free-exercise-db/main/exercises/Wrist_Rotations_with_Straight_Bar/0.jpg', 9),
(862, 'Caminhada com Yoke', 'https://raw.githubusercontent.com/yuhonas/free-exercise-db/main/exercises/Yoke_Walk/0.jpg', 3),
(863, 'Agachamento Zercher', 'https://raw.githubusercontent.com/yuhonas/free-exercise-db/main/exercises/Zercher_Squats/0.jpg', 3),
(864, 'Rosca Zottman', 'https://raw.githubusercontent.com/yuhonas/free-exercise-db/main/exercises/Zottman_Curl/0.jpg', 4),
(865, 'Rosca Zottman no Banco Scott', 'https://raw.githubusercontent.com/yuhonas/free-exercise-db/main/exercises/Zottman_Preacher_Curl/0.jpg', 4),
(871, 'Supino Reto com Halter', '', 1),
(872, 'Elevação Frontal Sentado', '', 6),
(873, 'Tríceps Francês Unilateral Sentado', '', 1),
(874, 'Afundo Livre Step', '', 3),
(875, 'Flexora Vertical', '', 3),
(876, 'Maquina Adutora', '', 3),
(877, 'Puxador Fechado', '', 2),
(878, 'Remada Maquina aberto', '', 2),
(879, 'Remada Baixa D', '', 2),
(880, 'Pull Down', '', 2),
(881, 'Abdominal Supra com apoio', '', 7);

-- --------------------------------------------------------

--
-- Estrutura para tabela `extras`
--

DROP TABLE IF EXISTS `extras`;
CREATE TABLE IF NOT EXISTS `extras` (
  `id` int NOT NULL AUTO_INCREMENT,
  `nome` varchar(80) NOT NULL,
  `descricao` varchar(100) DEFAULT NULL,
  `preco` decimal(10,2) DEFAULT NULL,
  `status` enum('ativo','inativo') NOT NULL,
  PRIMARY KEY (`id`)
) ENGINE=MyISAM AUTO_INCREMENT=11 DEFAULT CHARSET=utf8mb4 COLLATE=utf8mb4_0900_ai_ci;

--
-- Despejando dados para a tabela `extras`
--

INSERT INTO `extras` (`id`, `nome`, `descricao`, `preco`, `status`) VALUES
(9, 'Check-up Físico Mensal', 'Avaliação básica mensal com aferição de peso, medidas e percentual de gordura.', 30.00, 'ativo'),
(8, 'Café Fit Grátis', 'Acesso diário a bebidas energéticas naturais, café e chás funcionais na recepção.', 15.00, 'ativo'),
(10, 'Descontos em Produtos da Loja', '10% de desconto em suplementos, roupas fitness e acessórios na lojinha da academia.', 20.00, 'ativo');

-- --------------------------------------------------------

--
-- Estrutura para tabela `fichas`
--

DROP TABLE IF EXISTS `fichas`;
CREATE TABLE IF NOT EXISTS `fichas` (
  `id` int NOT NULL AUTO_INCREMENT,
  `cliente_id` int NOT NULL,
  `tipo` varchar(10) NOT NULL,
  `ordem` int NOT NULL,
  `concluida` tinyint(1) DEFAULT '0',
  `status` enum('ativa','pendente','concluida','expirada') DEFAULT 'ativa',
  `data_criacao` timestamp NULL DEFAULT CURRENT_TIMESTAMP,
  `data_modificado` timestamp NULL DEFAULT CURRENT_TIMESTAMP,
  PRIMARY KEY (`id`),
  KEY `cliente_id` (`cliente_id`)
) ENGINE=MyISAM AUTO_INCREMENT=15 DEFAULT CHARSET=utf8mb4 COLLATE=utf8mb4_0900_ai_ci;

--
-- Despejando dados para a tabela `fichas`
--

INSERT INTO `fichas` (`id`, `cliente_id`, `tipo`, `ordem`, `concluida`, `status`, `data_criacao`, `data_modificado`) VALUES
(9, 1, 'B', 2, 0, 'ativa', '2025-09-29 23:05:20', '2025-09-29 23:05:20'),
(3, 124, 'A', 1, 0, 'ativa', '2025-09-29 23:05:20', '2025-09-29 23:05:20'),
(8, 1, 'C', 3, 0, 'ativa', '2025-09-29 23:05:20', '2025-09-29 23:05:20'),
(10, 71, 'A', 1, 0, 'ativa', '2025-09-29 23:05:20', '2025-09-29 23:05:20'),
(12, 70, 'A', 1, 0, 'ativa', '2025-11-24 22:02:41', '2025-11-24 22:02:41'),
(13, 72, 'A', 1, 0, 'ativa', '2025-11-24 22:50:09', '2025-11-24 22:50:09');

-- --------------------------------------------------------

--
-- Estrutura para tabela `ficha_exercicios`
--

DROP TABLE IF EXISTS `ficha_exercicios`;
CREATE TABLE IF NOT EXISTS `ficha_exercicios` (
  `id` int NOT NULL AUTO_INCREMENT,
  `ficha_id` int NOT NULL,
  `exercicio_id` int NOT NULL,
  `repeticoes` int DEFAULT NULL,
  `series` int DEFAULT NULL,
  `observacoes` text,
  PRIMARY KEY (`id`),
  KEY `ficha_id` (`ficha_id`),
  KEY `exercicio_id` (`exercicio_id`)
) ENGINE=MyISAM AUTO_INCREMENT=57 DEFAULT CHARSET=utf8mb4 COLLATE=utf8mb4_0900_ai_ci;

--
-- Despejando dados para a tabela `ficha_exercicios`
--

INSERT INTO `ficha_exercicios` (`id`, `ficha_id`, `exercicio_id`, `repeticoes`, `series`, `observacoes`) VALUES
(35, 13, 9, 12, 3, ''),
(34, 12, 10, 12, 3, NULL),
(33, 12, 1, 5, 3, ''),
(29, 10, 16, 10, 5, NULL),
(7, 3, 1, 10, 5, ''),
(8, 3, 3, 12, 4, NULL),
(9, 3, 6, 12, 3, NULL),
(10, 3, 7, 12, 3, NULL),
(44, 9, 19, 15, 3, NULL),
(43, 9, 874, 8, 4, ''),
(51, 8, 878, 15, 3, NULL),
(50, 8, 877, 8, 4, ''),
(28, 10, 9, 10, 5, NULL),
(27, 10, 1, 10, 4, ''),
(32, 11, 16, 12, 3, NULL),
(31, 11, 27, 12, 3, NULL),
(30, 11, 24, 8, 5, ''),
(45, 9, 18, 15, 3, NULL),
(46, 9, 652, 8, 4, NULL),
(47, 9, 875, 15, 3, NULL),
(48, 9, 876, 15, 3, NULL),
(49, 9, 257, 12, 5, NULL),
(52, 8, 879, 15, 3, NULL),
(53, 8, 880, 15, 3, NULL),
(54, 8, 641, 15, 3, NULL),
(55, 8, 881, 12, 4, NULL),
(56, 8, 229, 15, 3, NULL);

-- --------------------------------------------------------

--
-- Estrutura para tabela `funcionarios`
--

DROP TABLE IF EXISTS `funcionarios`;
CREATE TABLE IF NOT EXISTS `funcionarios` (
  `id` int NOT NULL AUTO_INCREMENT,
  `nome` varchar(50) DEFAULT NULL,
  `data_nascimento` date DEFAULT NULL,
  `funcao` enum('Administrador','Secretario','Personal') CHARACTER SET utf8mb4 COLLATE utf8mb4_0900_ai_ci NOT NULL,
  `telefone` varchar(15) CHARACTER SET utf8mb4 COLLATE utf8mb4_0900_ai_ci DEFAULT NULL,
  `CPF` varchar(16) CHARACTER SET utf8mb4 COLLATE utf8mb4_0900_ai_ci DEFAULT NULL,
  `email` varchar(60) NOT NULL,
  `senha` varchar(255) NOT NULL,
  `foto` varchar(180) CHARACTER SET utf8mb4 COLLATE utf8mb4_0900_ai_ci DEFAULT NULL,
  `status` enum('ativo','anulado') NOT NULL,
  PRIMARY KEY (`id`)
) ENGINE=MyISAM AUTO_INCREMENT=18 DEFAULT CHARSET=utf8mb4 COLLATE=utf8mb4_0900_ai_ci;

--
-- Despejando dados para a tabela `funcionarios`
--

INSERT INTO `funcionarios` (`id`, `nome`, `data_nascimento`, `funcao`, `telefone`, `CPF`, `email`, `senha`, `foto`, `status`) VALUES
(1, 'Adiministrador', '0000-00-00', 'Administrador', NULL, '222.222.222-22', 'admin', '8c6976e5b5410415bde908bd4dee15dfb167a9c873fc4bb8a81f6f2ab448a918', 'assets/fotos-funcionarios/1723597904_d4738e53d35617a2d477.jpg', 'ativo'),
(8, 'Kayky lima dos Santos', '0000-00-00', 'Personal', '(12) 99656-9274', '55555555555', 'kayky@gmail.com.br', 'fd66132f5b79dd3de474b06ebae27e8bc25570eb22c82b0cfb9e3646ae45700b', 'assets/fotos-funcionarios/1723597904_d4738e53d35617a2d477.jpg', 'ativo'),
(13, 'Jonnathan Queiroz', '0000-00-00', 'Personal', '12996569274', '22244455544', 'jonnathan@gmail.com', '7506e8b7ee75404bef32cc1bc2b5e854904bf868a583dbc880e7126b7ae7ce1b', 'assets/fotos-funcionarios/1727911753_acdd961831f53293ca4c.jpg', 'ativo'),
(14, 'Joao Paulo', '0000-00-00', 'Secretario', '(12) 99548-4475', '252.554.444-44', 'joaopaulo@gmail.com', '7185844bf19f5a57bb5e9a90995f334b16755b1b31aa4a94481587b95f89ec71', 'assets/fotos-funcionarios/1746574716_1a934412b575c10f3a85.png', 'ativo'),
(17, 'Breno Henrique', '2004-06-07', 'Personal', '12996569274', '55522244422', 'breno.reis@aluno.ifsp.edu.br', 'f1ee529ef49111208f1c1646c53c8c311c9f093fd7891c1b46d77e98210b018d', 'assets/fotos-funcionarios/1755558554_750512d2b96bbc15852e.png', 'anulado');

-- --------------------------------------------------------

--
-- Estrutura para tabela `grupos_musculares`
--

DROP TABLE IF EXISTS `grupos_musculares`;
CREATE TABLE IF NOT EXISTS `grupos_musculares` (
  `id` int NOT NULL AUTO_INCREMENT,
  `nome` varchar(50) NOT NULL,
  PRIMARY KEY (`id`)
) ENGINE=MyISAM AUTO_INCREMENT=11 DEFAULT CHARSET=utf8mb4 COLLATE=utf8mb4_0900_ai_ci;

--
-- Despejando dados para a tabela `grupos_musculares`
--

INSERT INTO `grupos_musculares` (`id`, `nome`) VALUES
(1, 'Peito'),
(2, 'Costas'),
(3, 'Pernas'),
(4, 'Bíceps'),
(5, 'Tríceps'),
(6, 'Ombros'),
(7, 'Abdômen'),
(8, 'Glúteos'),
(9, 'Antebraço'),
(10, 'Panturrilhas');

-- --------------------------------------------------------

--
-- Estrutura para tabela `historico_fichas`
--

DROP TABLE IF EXISTS `historico_fichas`;
CREATE TABLE IF NOT EXISTS `historico_fichas` (
  `id` int NOT NULL AUTO_INCREMENT,
  `ficha_id` int NOT NULL,
  `cliente_id` int NOT NULL,
  `data_conclusao` datetime NOT NULL,
  `tipo` varchar(100) DEFAULT NULL,
  `ordem` int DEFAULT NULL,
  `observacoes` text,
  PRIMARY KEY (`id`),
  KEY `ficha_id` (`ficha_id`),
  KEY `cliente_id` (`cliente_id`)
) ENGINE=MyISAM AUTO_INCREMENT=8 DEFAULT CHARSET=utf8mb4 COLLATE=utf8mb4_0900_ai_ci;

--
-- Despejando dados para a tabela `historico_fichas`
--

INSERT INTO `historico_fichas` (`id`, `ficha_id`, `cliente_id`, `data_conclusao`, `tipo`, `ordem`, `observacoes`) VALUES
(1, 8, 1, '2025-11-24 21:56:30', 'A', 1, NULL),
(2, 9, 1, '2025-11-24 21:56:34', 'B', 2, NULL),
(3, 6, 1, '2025-11-24 21:56:37', 'C', 3, NULL),
(4, 8, 1, '2025-11-24 21:56:41', 'A', 1, NULL),
(5, 9, 1, '2025-11-24 21:56:46', 'B', 2, NULL),
(6, 6, 1, '2025-11-24 21:56:50', 'C', 3, NULL),
(7, 8, 1, '2025-11-24 22:47:40', 'A', 1, NULL);

-- --------------------------------------------------------

--
-- Estrutura para tabela `loja_produtos`
--

DROP TABLE IF EXISTS `loja_produtos`;
CREATE TABLE IF NOT EXISTS `loja_produtos` (
  `id` int NOT NULL AUTO_INCREMENT,
  `nome` varchar(100) NOT NULL,
  `preco` decimal(10,2) NOT NULL,
  `quantidade` int NOT NULL,
  `status` enum('ativo','inativo') NOT NULL,
  `marca` varchar(100) DEFAULT NULL,
  `unidade_medida` varchar(20) DEFAULT NULL,
  PRIMARY KEY (`id`)
) ENGINE=MyISAM AUTO_INCREMENT=11 DEFAULT CHARSET=utf8mb4 COLLATE=utf8mb4_0900_ai_ci;

--
-- Despejando dados para a tabela `loja_produtos`
--

INSERT INTO `loja_produtos` (`id`, `nome`, `preco`, `quantidade`, `status`, `marca`, `unidade_medida`) VALUES
(1, 'Água', 3.00, 27, 'ativo', 'Minalba', '500ml'),
(4, 'Creatina', 50.00, 5, 'ativo', 'Growth', '500g'),
(6, 'Energético', 10.00, 7, 'ativo', 'Monster', '700ml'),
(9, 'Whey Protein', 120.00, 5, 'ativo', 'Growth', '1kg');

-- --------------------------------------------------------

--
-- Estrutura para tabela `loja_vendas`
--

DROP TABLE IF EXISTS `loja_vendas`;
CREATE TABLE IF NOT EXISTS `loja_vendas` (
  `id` int NOT NULL AUTO_INCREMENT,
  `data_venda` datetime NOT NULL DEFAULT CURRENT_TIMESTAMP,
  `total` decimal(10,2) NOT NULL,
  `forma_pagamento` varchar(20) NOT NULL,
  PRIMARY KEY (`id`)
) ENGINE=MyISAM AUTO_INCREMENT=23 DEFAULT CHARSET=utf8mb4 COLLATE=utf8mb4_0900_ai_ci;

--
-- Despejando dados para a tabela `loja_vendas`
--

INSERT INTO `loja_vendas` (`id`, `data_venda`, `total`, `forma_pagamento`) VALUES
(17, '2025-08-04 19:35:59', 59.00, 'credito'),
(16, '2025-05-05 22:02:09', 103.00, 'debito'),
(15, '2025-04-27 21:19:25', 106.00, 'dinheiro'),
(18, '2025-09-08 22:30:31', 153.00, 'pix'),
(19, '2025-10-26 20:05:42', 33.00, 'credito'),
(20, '2025-11-23 17:24:03', 27.00, 'debito'),
(21, '2025-11-24 19:37:42', 3.00, 'debito'),
(22, '2025-11-24 19:54:00', 6.00, 'pix');

-- --------------------------------------------------------

--
-- Estrutura para tabela `loja_vendas_itens`
--

DROP TABLE IF EXISTS `loja_vendas_itens`;
CREATE TABLE IF NOT EXISTS `loja_vendas_itens` (
  `id` int NOT NULL AUTO_INCREMENT,
  `venda_id` int DEFAULT NULL,
  `produto_id` int DEFAULT NULL,
  `quantidade` int DEFAULT NULL,
  `valor_unitario` decimal(10,2) DEFAULT NULL,
  PRIMARY KEY (`id`),
  KEY `venda_id` (`venda_id`)
) ENGINE=MyISAM AUTO_INCREMENT=14 DEFAULT CHARSET=utf8mb4 COLLATE=utf8mb4_0900_ai_ci;

--
-- Despejando dados para a tabela `loja_vendas_itens`
--

INSERT INTO `loja_vendas_itens` (`id`, `venda_id`, `produto_id`, `quantidade`, `valor_unitario`) VALUES
(1, 15, 1, 2, 3.00),
(2, 15, 4, 2, 50.00),
(3, 16, 1, 1, 3.00),
(4, 16, 4, 2, 50.00),
(5, 17, 1, 3, 3.00),
(6, 17, 4, 1, 50.00),
(7, 18, 1, 1, 3.00),
(8, 18, 4, 3, 50.00),
(9, 19, 1, 1, 3.00),
(10, 19, 6, 3, 10.00),
(11, 20, 1, 9, 3.00),
(12, 21, 1, 1, 3.00),
(13, 22, 1, 2, 3.00);

-- --------------------------------------------------------

--
-- Estrutura para tabela `migrations`
--

DROP TABLE IF EXISTS `migrations`;
CREATE TABLE IF NOT EXISTS `migrations` (
  `id` bigint UNSIGNED NOT NULL AUTO_INCREMENT,
  `version` varchar(255) NOT NULL,
  `class` varchar(255) NOT NULL,
  `group` varchar(255) NOT NULL,
  `namespace` varchar(255) NOT NULL,
  `time` int NOT NULL,
  `batch` int UNSIGNED NOT NULL,
  PRIMARY KEY (`id`)
) ENGINE=MyISAM AUTO_INCREMENT=6 DEFAULT CHARSET=utf8mb3;

--
-- Despejando dados para a tabela `migrations`
--

INSERT INTO `migrations` (`id`, `version`, `class`, `group`, `namespace`, `time`, `batch`) VALUES
(1, '2024-08-13-170304', 'App\\Database\\Migrations\\CreateClienteTable', 'default', 'App', 1747694626, 1),
(2, '2024-08-14-164130', 'App\\Database\\Migrations\\CreatePlanos', 'default', 'App', 1747694626, 1),
(3, '2024-08-14-164428', 'App\\Database\\Migrations\\CreateFuncionarios', 'default', 'App', 1747694626, 1),
(4, '2024-08-14-164936', 'App\\Database\\Migrations\\CreateAcademia', 'default', 'App', 1747694626, 1),
(5, '2025-05-19-133825', 'App\\Database\\Migrations\\CreateDespesasTable', 'default', 'App', 1747694652, 2);

-- --------------------------------------------------------

--
-- Estrutura para tabela `pagamentos`
--

DROP TABLE IF EXISTS `pagamentos`;
CREATE TABLE IF NOT EXISTS `pagamentos` (
  `id` int NOT NULL AUTO_INCREMENT,
  `valor` decimal(10,2) DEFAULT NULL,
  `data_pagamento` datetime DEFAULT NULL,
  `data_criacao` datetime NOT NULL DEFAULT CURRENT_TIMESTAMP,
  `status_pagamento` enum('pago','pendente','cancelado') CHARACTER SET utf8mb4 COLLATE utf8mb4_0900_ai_ci NOT NULL,
  `forma_pagamento` enum('dinheiro','cartao_credito','cartao_debito','pix','boleto') CHARACTER SET utf8mb4 COLLATE utf8mb4_0900_ai_ci DEFAULT NULL,
  `funcionario_id` int DEFAULT NULL,
  `cliente_planos_id` int NOT NULL,
  PRIMARY KEY (`id`),
  KEY `funcionario_id` (`funcionario_id`),
  KEY `cliente_planos_id` (`cliente_planos_id`)
) ENGINE=MyISAM AUTO_INCREMENT=22 DEFAULT CHARSET=utf8mb4 COLLATE=utf8mb4_0900_ai_ci;

--
-- Despejando dados para a tabela `pagamentos`
--

INSERT INTO `pagamentos` (`id`, `valor`, `data_pagamento`, `data_criacao`, `status_pagamento`, `forma_pagamento`, `funcionario_id`, `cliente_planos_id`) VALUES
(8, 120.00, '2025-09-09 01:28:55', '2025-05-18 16:22:11', 'pago', 'dinheiro', 8, 12),
(9, 120.00, '2025-06-03 00:34:18', '2025-05-26 02:51:46', 'pago', 'dinheiro', 1, 16),
(12, 120.00, '2025-06-08 23:35:25', '2025-06-02 21:34:18', 'pago', 'pix', 1, 19),
(13, 120.00, NULL, '2025-06-08 20:35:25', 'pendente', NULL, 1, 20),
(14, 100.00, NULL, '2025-06-17 19:02:35', 'pendente', NULL, 1, 21),
(15, 120.00, '2025-10-06 22:58:06', '2025-09-08 22:28:55', 'pago', 'boleto', 8, 22),
(16, 120.00, NULL, '2025-10-06 19:58:06', 'pendente', NULL, 8, 23),
(17, 120.00, '2025-10-27 23:11:19', '2025-10-27 20:10:37', 'pago', 'dinheiro', 1, 25),
(18, 120.00, NULL, '2025-10-27 20:11:19', 'pendente', NULL, 1, 26),
(19, 120.00, NULL, '2025-11-24 17:03:34', 'pendente', NULL, 1, 27),
(20, 80.00, NULL, '2025-11-24 17:50:43', 'pendente', NULL, 1, 28),
(21, 100.00, NULL, '2025-11-24 19:27:26', 'pendente', NULL, 1, 29);

-- --------------------------------------------------------

--
-- Estrutura para tabela `planos`
--

DROP TABLE IF EXISTS `planos`;
CREATE TABLE IF NOT EXISTS `planos` (
  `id` int NOT NULL AUTO_INCREMENT,
  `nome` varchar(50) NOT NULL,
  `preco` decimal(10,2) NOT NULL,
  `descricao` varchar(250) CHARACTER SET utf8mb4 COLLATE utf8mb4_0900_ai_ci NOT NULL,
  `duracao` enum('mensal','trimestral','semestral','anual') NOT NULL,
  `dias_por_semana` int DEFAULT NULL,
  `disponibilidade` varchar(10) NOT NULL,
  `data_criacao` datetime NOT NULL DEFAULT CURRENT_TIMESTAMP,
  `data_modificacao` datetime NOT NULL DEFAULT CURRENT_TIMESTAMP,
  PRIMARY KEY (`id`)
) ENGINE=MyISAM AUTO_INCREMENT=13 DEFAULT CHARSET=utf8mb4 COLLATE=utf8mb4_0900_ai_ci;

--
-- Despejando dados para a tabela `planos`
--

INSERT INTO `planos` (`id`, `nome`, `preco`, `descricao`, `duracao`, `dias_por_semana`, `disponibilidade`, `data_criacao`, `data_modificacao`) VALUES
(1, 'Black', 120.00, 'O Plano Black é o mais completo e exclusivo, projetado para quem busca o máximo em flexibilidade e suporte na academia. Com acesso total às instalações', 'mensal', 7, 'ativo', '2024-08-12 20:39:13', '2025-09-23 01:01:04'),
(2, 'Silver', 100.00, 'O Plano Silver oferece um equilíbrio perfeito entre custo e benefícios, ideal para quem deseja manter a forma com uma boa variedade de opções. Esse pl', 'mensal', 3, 'ativo', '2024-08-12 20:42:52', '2024-08-12 20:42:52'),
(3, 'Bronze', 80.00, 'O Plano Bronze é uma opção mais econômica, perfeita para quem deseja aproveitar o essencial da academia sem comprometer o orçamento. Esse plano oferec', 'mensal', 2, 'ativo', '2024-08-12 20:45:39', '2024-08-12 20:45:39');

-- --------------------------------------------------------

--
-- Estrutura para tabela `planos_extras`
--

DROP TABLE IF EXISTS `planos_extras`;
CREATE TABLE IF NOT EXISTS `planos_extras` (
  `id` int NOT NULL AUTO_INCREMENT,
  `plano_id` int DEFAULT NULL,
  `extra_id` int DEFAULT NULL,
  PRIMARY KEY (`id`),
  KEY `plano_id` (`plano_id`),
  KEY `extra_id` (`extra_id`)
) ENGINE=MyISAM AUTO_INCREMENT=5 DEFAULT CHARSET=utf8mb4 COLLATE=utf8mb4_0900_ai_ci;

--
-- Despejando dados para a tabela `planos_extras`
--

INSERT INTO `planos_extras` (`id`, `plano_id`, `extra_id`) VALUES
(2, 1, 8),
(3, 1, 9),
(4, 1, 10);

-- --------------------------------------------------------

--
-- Estrutura para tabela `presenca_clientes`
--

DROP TABLE IF EXISTS `presenca_clientes`;
CREATE TABLE IF NOT EXISTS `presenca_clientes` (
  `id` int NOT NULL AUTO_INCREMENT,
  `cliente_id` int NOT NULL,
  `data` datetime DEFAULT CURRENT_TIMESTAMP,
  `metodo_autenticacao` enum('faceid','pin') NOT NULL,
  `status` enum('sucesso','erro') DEFAULT NULL,
  `hora_entrada` datetime NOT NULL,
  `hora_saida` datetime NOT NULL,
  `observacao` varchar(255) DEFAULT NULL,
  PRIMARY KEY (`id`),
  KEY `cliente_id` (`cliente_id`)
) ENGINE=MyISAM AUTO_INCREMENT=60 DEFAULT CHARSET=utf8mb4 COLLATE=utf8mb4_0900_ai_ci;

--
-- Despejando dados para a tabela `presenca_clientes`
--

INSERT INTO `presenca_clientes` (`id`, `cliente_id`, `data`, `metodo_autenticacao`, `status`, `hora_entrada`, `hora_saida`, `observacao`) VALUES
(9, 1, '2025-10-27 13:13:02', 'faceid', 'sucesso', '2025-10-27 13:13:02', '2025-10-27 13:13:20', 'Presença registrada via PIN.'),
(5, 1, '2025-10-20 21:49:10', 'pin', 'sucesso', '2025-10-20 21:49:10', '2025-10-20 22:49:17', 'Presença registrada via PIN.'),
(55, 124, '2025-10-31 00:00:00', 'faceid', 'sucesso', '2025-10-31 07:05:00', '2025-10-31 08:15:00', 'Entrada registrada com sucesso.'),
(54, 124, '2025-10-30 00:00:00', 'faceid', 'sucesso', '2025-10-30 07:07:00', '2025-10-30 08:17:00', 'Entrada registrada com sucesso.'),
(53, 124, '2025-10-29 00:00:00', 'faceid', 'sucesso', '2025-10-29 07:11:00', '2025-10-29 08:21:00', 'Entrada registrada com sucesso.'),
(52, 124, '2025-10-28 00:00:00', 'faceid', 'sucesso', '2025-10-28 07:04:00', '2025-10-28 08:12:00', 'Entrada registrada com sucesso.'),
(51, 124, '2025-10-27 00:00:00', 'faceid', 'sucesso', '2025-10-27 07:09:00', '2025-10-27 08:19:00', 'Entrada registrada com sucesso.'),
(50, 124, '2025-10-24 00:00:00', 'faceid', 'sucesso', '2025-10-24 07:15:00', '2025-10-24 08:25:00', 'Entrada registrada com sucesso.'),
(49, 124, '2025-10-23 00:00:00', 'faceid', 'sucesso', '2025-10-23 07:08:00', '2025-10-23 08:18:00', 'Entrada registrada com sucesso.'),
(48, 124, '2025-10-22 00:00:00', 'faceid', 'sucesso', '2025-10-22 07:06:00', '2025-10-22 08:16:00', 'Entrada registrada com sucesso.'),
(47, 124, '2025-10-21 00:00:00', 'faceid', 'sucesso', '2025-10-21 07:05:00', '2025-10-21 08:13:00', 'Entrada registrada com sucesso.'),
(46, 124, '2025-10-20 00:00:00', 'faceid', 'sucesso', '2025-10-20 07:10:00', '2025-10-20 08:20:00', 'Entrada registrada com sucesso.'),
(45, 124, '2025-10-17 00:00:00', 'faceid', 'sucesso', '2025-10-17 07:11:00', '2025-10-17 08:21:00', 'Entrada registrada com sucesso.'),
(44, 124, '2025-10-16 00:00:00', 'faceid', 'sucesso', '2025-10-16 07:14:00', '2025-10-16 08:24:00', 'Entrada registrada com sucesso.'),
(43, 124, '2025-10-15 00:00:00', 'faceid', 'sucesso', '2025-10-15 07:03:00', '2025-10-15 08:10:00', 'Entrada registrada com sucesso.'),
(42, 124, '2025-10-14 00:00:00', 'faceid', 'sucesso', '2025-10-14 07:07:00', '2025-10-14 08:15:00', 'Entrada registrada com sucesso.'),
(41, 124, '2025-10-13 00:00:00', 'faceid', 'sucesso', '2025-10-13 07:09:00', '2025-10-13 08:17:00', 'Entrada registrada com sucesso.'),
(40, 124, '2025-10-10 00:00:00', 'faceid', 'sucesso', '2025-10-10 07:04:00', '2025-10-10 08:14:00', 'Entrada registrada com sucesso.'),
(39, 124, '2025-10-09 00:00:00', 'faceid', 'sucesso', '2025-10-09 07:12:00', '2025-10-09 08:22:00', 'Entrada registrada com sucesso.'),
(38, 124, '2025-10-08 00:00:00', 'faceid', 'sucesso', '2025-10-08 07:06:00', '2025-10-08 08:16:00', 'Entrada registrada com sucesso.'),
(37, 124, '2025-10-07 00:00:00', 'faceid', 'sucesso', '2025-10-07 07:08:00', '2025-10-07 08:18:00', 'Entrada registrada com sucesso.'),
(36, 124, '2025-10-06 00:00:00', 'faceid', 'sucesso', '2025-10-06 07:02:00', '2025-10-06 08:12:00', 'Entrada registrada com sucesso.'),
(35, 124, '2025-10-03 00:00:00', 'faceid', 'sucesso', '2025-10-03 07:03:00', '2025-10-03 08:10:00', 'Entrada registrada com sucesso.'),
(34, 124, '2025-10-02 00:00:00', 'faceid', 'sucesso', '2025-10-02 07:10:00', '2025-10-02 08:20:00', 'Entrada registrada com sucesso.'),
(33, 124, '2025-10-01 00:00:00', 'faceid', 'sucesso', '2025-10-01 07:05:00', '2025-10-01 08:15:00', 'Entrada registrada com sucesso.'),
(56, 1, '2025-10-27 19:54:56', 'pin', 'sucesso', '2025-10-27 19:54:56', '2025-10-27 19:56:25', 'Presença registrada via PIN.'),
(57, 1, '2025-10-27 19:56:36', 'pin', 'sucesso', '2025-10-27 19:56:36', '2025-10-27 20:09:29', 'Reconhecimento facial bem-sucedido.'),
(58, 141, '2025-11-24 17:04:27', 'faceid', 'sucesso', '2025-11-24 17:04:27', '2025-11-24 19:29:28', 'Reconhecimento facial bem-sucedido.'),
(59, 143, '2025-11-24 19:29:34', 'pin', 'sucesso', '2025-11-24 19:29:34', '0000-00-00 00:00:00', 'Presença registrada via PIN.');

-- --------------------------------------------------------

--
-- Estrutura para tabela `progresso_configuracao`
--

DROP TABLE IF EXISTS `progresso_configuracao`;
CREATE TABLE IF NOT EXISTS `progresso_configuracao` (
  `id` int NOT NULL AUTO_INCREMENT,
  `etapa_atual` int DEFAULT NULL,
  `data_ultima_atualizacao` datetime NOT NULL DEFAULT CURRENT_TIMESTAMP,
  PRIMARY KEY (`id`)
) ENGINE=MyISAM AUTO_INCREMENT=5 DEFAULT CHARSET=utf8mb4 COLLATE=utf8mb4_0900_ai_ci;

--
-- Despejando dados para a tabela `progresso_configuracao`
--

INSERT INTO `progresso_configuracao` (`id`, `etapa_atual`, `data_ultima_atualizacao`) VALUES
(1, 4, '2025-11-24 17:49:11');

-- --------------------------------------------------------

--
-- Estrutura para tabela `selfies_clientes`
--

DROP TABLE IF EXISTS `selfies_clientes`;
CREATE TABLE IF NOT EXISTS `selfies_clientes` (
  `id` int NOT NULL AUTO_INCREMENT,
  `cliente_id` int DEFAULT NULL,
  `caminho_imagem` varchar(255) DEFAULT NULL,
  `data_criacao` timestamp NULL DEFAULT CURRENT_TIMESTAMP,
  PRIMARY KEY (`id`),
  KEY `cliente_id` (`cliente_id`)
) ENGINE=MyISAM AUTO_INCREMENT=7 DEFAULT CHARSET=utf8mb4 COLLATE=utf8mb4_0900_ai_ci;

--
-- Despejando dados para a tabela `selfies_clientes`
--

INSERT INTO `selfies_clientes` (`id`, `cliente_id`, `caminho_imagem`, `data_criacao`) VALUES
(5, 141, 'assets/fotos-perfil/141/1764014614_6ecbe0550e708d914971.png', '2025-11-24 20:03:34'),
(4, 1, 'assets/selfies-clientes/70/5842-70.png', '2025-10-20 22:47:52'),
(3, 70, 'assets/selfies-clientes/70/4809-70.png', '2024-09-25 23:21:36'),
(6, 143, 'assets/fotos-perfil/143/1764023246_5ddc1706ebc63b66dbd8.png', '2025-11-24 22:27:26');
COMMIT;

/*!40101 SET CHARACTER_SET_CLIENT=@OLD_CHARACTER_SET_CLIENT */;
/*!40101 SET CHARACTER_SET_RESULTS=@OLD_CHARACTER_SET_RESULTS */;
/*!40101 SET COLLATION_CONNECTION=@OLD_COLLATION_CONNECTION */;
